name,price,costPrice,stockQty,expiryDate,barcode,category
ACTIFIED MULTI-ACTION TAB,35,0,0,,,Tablets & Capsules
ZITHROMAX 500MG CAPS,166.5,0,0,,,Tablets & Capsules
KEPSTRILS LOZENGES,9.5,0,0,,,Pharmaceuticals
PANADOL BABY AND INFANT,35,0,0,,,Pharmaceuticals
ORAL B T/BRUSH JUNIOR,6,0,0,,,Dental Care
GILLETTE BLUE II PLUS,16,0,0,,,Grooming
ORAL B T/BRUSH 1.2.3,3,0,0,,,Dental Care
BIC TWIN LADY SHAVE,8,0,0,,,Grooming
SENSODYNE EXTRA WHITENING 113G,19.5,0,0,,,Dental Care
BENYLIN CHESTY COUGH (CHILDREN),36.5,0,0,,,Pharmaceuticals
CALPOL NASAL DROP,36.5,0,0,,,Drops
BENYLIN MUCUS COUGH AND COLD TAB,45.5,0,0,,,Tablets & Capsules
BENYLIN INFANTS COUGH SYRUP,52.5,0,0,,,Syrups & Suspensions
JOHNSON BEDTIME BABYBATH 300ML,21,0,0,,,Personal Care
JOHNSON BABY OIL 300ML,21,0,0,,,Pharmaceuticals
BENYLIN CHILDREN DRY SYRUP,33.5,0,0,,,Syrups & Suspensions
BENYLIN MUCUS COUGH MAX SYR,74.5,0,0,,,Pharmaceuticals
BENYLIN DRY & TICKLY COUGH SYRUP,73,0,0,,,Syrups & Suspensions
JOHNSONS BABY COTTON BUDS,14,0,0,,,Baby & Personal Care
MAALOX PLUS,60.5,0,0,,,Pharmaceuticals
TAVANIC 500MG PER TAB,31,0,0,,,Tablets & Capsules
RHINATHIOL 125ML 5% ADULT,39,0,0,,,Pharmaceuticals
EPILIM SYRUP 300ML,94,0,0,,,Syrups & Suspensions
DIAMICRON MR 60MG PER TAB,4.72,0,0,,,Tablets & Capsules
ALWAYS PAD 8S(PINK&GREEN),7.2,0,0,,,Baby & Personal Care
PAMPERS COMPLETE CLEAN WIPES 64,12.57,0,0,,,Baby & Personal Care
ALWAYS PAD MAXI THICK(BLUE),11,0,0,,,Baby & Personal Care
VICKS VAPORUB 100G,62,0,0,,,Pharmaceuticals
ORAL B HERBAL 140G,7,0,0,,,Dental Care
GLIMEPIRIDE DENK 2,1.61,0,0,,,Pharmaceuticals
DICLO-DENK 50 PER TAB,0.8,0,0,,,Tablets & Capsules
PEPTO BISMOL 120ML,38,0,0,,,Pharmaceuticals
VIT C +ZINK (ALTAPHARMA),15,0,0,,,Pharmaceuticals
SMA GOLD 2 400G,65,0,0,,,Pharmaceuticals
SEVEN SEAS COD LIVER OIL 60 CAPS RED,43,0,0,,,Tablets & Capsules
MULTIVITAMIN SYRUP (ECL),5.5,0,0,,,Syrups & Suspensions
FYBROGEL ORANGE ISPAGHULA HUSK,3.1,0,0,,,Creams & Ointments
LEMSIP PER SAC,6.5,0,0,,,Pharmaceuticals
LEMSIP MAX PER SAC,10,0,0,,,Pharmaceuticals
PIRITON SYRUP 150ML,71,0,0,,,Syrups & Suspensions
RADOX MEN MUSCLE THERAPY,16,0,0,,,Pharmaceuticals
BUSCOPAN PER TAB (ORIGINAL),2.6,0,0,,,Tablets & Capsules
CENTRUM ORIGINAL PER TAB(120S),1,0,0,,,Tablets & Capsules
CENTRUM MEN 50+,57.5,0,0,,,Vitamins & Supplements
PANADOL ADV 16S 500MG,19,0,0,,,Pharmaceuticals
BEECHAMS ALL IN ONE,41.6,0,0,,,Pharmaceuticals
BENYLIN CHILDREN NIGHT COUGH,39,0,0,,,Pharmaceuticals
ACTIFED DRY COUGHS SYRUP,35,0,0,,,Syrups & Suspensions
CALPOL INFANT SUSPENSION,60.2,0,0,,,Syrups & Suspensions
BENYLIN CHESTY (NON-DROWSY),62.5,0,0,,,Pharmaceuticals
ANUSOL PER SUPP,3.7,0,0,,,Pharmaceuticals
COVONIA DRY TICKLY COUGH,30,0,0,,,Pharmaceuticals
COVONIA NIGHT TIME FORMULA,34.5,0,0,,,Baby Nutrition
COVONIA CHESTY COUGH MENTHOL,22.61,0,0,,,Pharmaceuticals
ZOFLORA CONC DISINFECTANT 3IN1,45.5,0,0,,,Pharmaceuticals
COVONIA BRONCHIAL BALSAM,34.5,0,0,,,Pharmaceuticals
SIMPLE PURE SOAP,5.99,0,0,,,Personal Care
FRESH AND FRUITY KIDS T/PASTE,13,0,0,,,Dental Care
JOINT CARE CAPS 30S,83.5,0,0,,,Tablets & Capsules
WOODWARD GRIPE WATER,44.5,0,0,,,Pharmaceuticals
TCP LIQUID ANTI 200ML,70,0,0,,,Pharmaceuticals
DOXYCYCLINE PER CAP ( ACCORD),1.3,0,0,,,Pharmaceuticals
MANDANOL NASAL DROPS,5.99,0,0,,,Drops
DETTOL 250ML,22,0,0,,,Pharmaceuticals
CARVEDILOL 3.125MG PER TABLET TEVA,0.56,0,0,,,Tablets & Capsules
LISINOPRIL 10MG PER TAB,0.45,0,0,,,Tablets & Capsules
LOPERAMIDE 2MG TEVA PER CAP,0.65,0,0,,,Pharmaceuticals
FUROSEMIDE 40MG PER TAB,0.66,0,0,,,Tablets & Capsules
PARACETAMOL UK,0,0,0,,,General
PMOL TAB(GALPHARM),7,0,0,,,Tablets & Capsules
BELLS BABY COUGH SYRUP 100,18,0,0,,,Syrups & Suspensions
ZINC & CASTOR OIL CREAM,13.3,0,0,,,Creams & Ointments
BELLS CHILDREN COUGH SYR,16,0,0,,,Pharmaceuticals
MENTHODEX LOZENGES,20.5,0,0,,,Pharmaceuticals
MENTHODEX COUGH MIXTURE 100ML,20.5,0,0,,,Pharmaceuticals
OMEGA 3.6.9 HEALTH AID,109,0,0,,,Vitamins & Supplements
BIOTIN 800UG,34.58,0,0,,,Pharmaceuticals
HAEMOVIT LIQUID GOLD 200ML,61.18,0,0,,,Pharmaceuticals
BRONCOLD SYRUP MENTHOL,38.57,0,0,,,Syrups & Suspensions
WELLWOMAN DRINK,9,0,0,,,Pharmaceuticals
WELL BABY 4M TO 4Y,113,0,0,,,Pharmaceuticals
WELLWOMAN 70+,78,0,0,,,Pharmaceuticals
LEVOTHYROXINE 50MCG PER TAB,0.44,0,0,,,Tablets & Capsules
ANDREWS SALT 150G,32.5,0,0,,,Pharmaceuticals
DISPERSIBLE ASPIRIN 75MG PER STRIP,3.6,0,0,,,Pharmaceuticals
ZIRTEK ALLERGY PER TAB,6,0,0,,,Tablets & Capsules
VALUPAK VITAMIN B COMPLEX 60 TABS,13,0,0,,,Tablets & Capsules
VALUPAK VIT C EFFERVESCENT 1000MG,30,0,0,,,Pharmaceuticals
VALUPAK FOLIC ACID 30 TABS,11.5,0,0,,,Tablets & Capsules
CO-Q10 - HEALTHLINK,39.24,0,0,,,Pharmaceuticals
PREGNANCY - HEALTH LINK,33.12,0,0,,,Pharmaceuticals
WISDOM STEP BY STEP 4+,10,0,0,,,Pharmaceuticals
CLAVULIN SUSP 228,36,0,0,,,Syrups & Suspensions
JOY CHARCOAL TOOTHPASTE,0,0,0,,,Dental Care
TIXYLIX TODDLER SYRUP,33.25,0,0,,,Syrups & Suspensions
TIXYLIX BLACKCURRANT SYR,30,0,0,,,Pharmaceuticals
DAY & NIGHT NURSE,77.2,0,0,,,Pharmaceuticals
NIGHT NURSE CAPS,54.5,0,0,,,Tablets & Capsules
VITAMIN E CAPS 400IU(HEALTH AID),72.8,0,0,,,Tablets & Capsules
MENTHOL CRYSTAL,23.5,0,0,,,Pharmaceuticals
FANTA,3.5,0,0,,,Pharmaceuticals
NIVEA CARE SHOWER (CREME SOFT)500ML,24,0,0,,,Pharmaceuticals
SENSODYNE REPAIR 75ML,19.5,0,0,,,Dental Care
BRUFEN PAEDIATRIC (SUSP),52,0,0,,,Syrups & Suspensions
BENYLIN IRRITATING DRY COUGH,34,0,0,,,Pharmaceuticals
CERES FRUIT JUICE RED GRAPE,18,0,0,,,Pharmaceuticals
YUMVITA 400G TIN,15,0,0,,,Pharmaceuticals
CAMEL 500ML,30,0,0,,,Pharmaceuticals
BX SYRUP 200ML,9.3,0,0,,,Syrups & Suspensions
PEPSODENT T/BRUSH DEEP CLEAN,2.5,0,0,,,Dental Care
PEPSODENT T/BRUSH KIDS 7-13,5,0,0,,,Dental Care
SOFTCARE BABYPANTS WHITE M24,22,0,0,,,Pharmaceuticals
SASSO SPRAY 750ML,26,0,0,,,Sprays & Inhalers
VOLTIC MEDIUM 750ML,2,0,0,,,Pharmaceuticals
VOLTIC SMALL 500ML,1.2,0,0,,,Pharmaceuticals
HEAVEN SPRAY PLUS SMALL,21,0,0,,,Sprays & Inhalers
BEL AQUA SMALL 500ML,1.5,0,0,,,Pharmaceuticals
BEL AQUA MEDIUM 750ML,2,0,0,,,Pharmaceuticals
ADOM KOO MIXTURE,8,0,0,,,Pharmaceuticals
ADOM KOO OINTMENT,9.2,0,0,,,Creams & Ointments
DR MALT,3.5,0,0,,,Pharmaceuticals
ROOTER LIFE,46.8,0,0,,,Pharmaceuticals
BABY SHEAR BUTTER GENNI-GARDENS,6,0,0,,,Pharmaceuticals
SHEABUTTER GENNI-GARDENS,10,0,0,,,Pharmaceuticals
BLACK SOAP 350G,15,0,0,,,Personal Care
EFAL PANTY LINERS 30PCS,3.99,0,0,,,Pharmaceuticals
HOLANDIA YOGHURT STRAWBERRY,12,0,0,,,Pharmaceuticals
ZUBES EXPECTORANT,18,0,0,,,Pharmaceuticals
SENSODYNE RAPID 75ML,19.5,0,0,,,Dental Care
PANADOL ADVANCE PLAIN PER STRIP,18.2,0,0,,,Pharmaceuticals
LUCOZADE BOTTLE ENERGY DRINK(B/S),14,0,0,,,Pharmaceuticals
PARAMOL PER SUPP 125MG,0.4,0,0,,,Pharmaceuticals
EPICROM 2% 10ML,22.5,0,0,,,Pharmaceuticals
EPICIPRIN EYE/EAR 0.3%,13.17,0,0,,,Pharmaceuticals
ACTIFIED COLD TABLET,24.6,0,0,,,Tablets & Capsules
NATRILIX SR 1.5MG PER TAB,2.8,0,0,,,Tablets & Capsules
ABC VITAMIN C SYRUP,8,0,0,,,Syrups & Suspensions
COMFREY ADULT DIAPERS M,35,0,0,,,Baby & Personal Care
COMFREY ADULT DIAPER L,40,0,0,,,Baby & Personal Care
ADVAXIME 500MG PER TAB,4.94,0,0,,,Tablets & Capsules
ADVAXIME 250MG PER TAB,2.6,0,0,,,Tablets & Capsules
FISH BREAST PUMP 100ML,30,0,0,,,Pharmaceuticals
YIBEILE CHILDREN T/PASTE 80G,10,0,0,,,Dental Care
VAGINNE,50,0,0,,,Pharmaceuticals
ENSURE ORIGINAL 237ML,14,0,0,,,Pharmaceuticals
SYMBICORT INH POWDER 80 4.5,57.5,0,0,,,Pharmaceuticals
SYMBICORT INH POWDER 160 4.5,84.5,0,0,,,Pharmaceuticals
TOBREX 0.3% 5ML,37,0,0,,,Pharmaceuticals
ONETOUCH SELECT,154.28,0,0,,,Pharmaceuticals
BACTIFLOX 500MG TABLET,90,0,0,,,Tablets & Capsules
OLFEN 100MG PER TAB,4.6,0,0,,,Tablets & Capsules
OLFEN-75 RETARD PER TAB,2.12,0,0,,,Tablets & Capsules
XYLO ACINO 0.1% ADULT,81,0,0,,,Pharmaceuticals
XYLO ACINO 0.05% CHILD 10ML,45.22,0,0,,,Pharmaceuticals
AMMENS ORIGINAL POWDER,55,0,0,,,Pharmaceuticals
BORGES APPLE CIDER VINEGAR ECO NATURA,33,0,0,,,Pharmaceuticals
SABROSO OLIVE OIL 500ML,53,0,0,,,Pharmaceuticals
PROSTACARE - MEGA,70.49,0,0,,,Pharmaceuticals
ENAT 400 VIT E,49,0,0,,,Pharmaceuticals
GINSOMIN -MEGA,71.8,0,0,,,Pharmaceuticals
VITAMILK BOTTLE,8,0,0,,,Baby Nutrition
AXACEF 500MG TABLET,6.9,0,0,,,Tablets & Capsules
FLEMING SUSP 457,28.5,0,0,,,Syrups & Suspensions
"FLEMING SUSP 228,5",24.5,0,0,,,Syrups & Suspensions
FLEMING 625MG TABLET,29.25,0,0,,,Tablets & Capsules
APDYL H 200 ML,21.28,0,0,,,Pharmaceuticals
ADDYZOA CAPS,57,0,0,,,Tablets & Capsules
EVANOVA,41.6,0,0,,,Pharmaceuticals
KOFOL LOZ PER STRIP,13,0,0,,,Pharmaceuticals
KOFOL SF SYRUP,22.61,0,0,,,Syrups & Suspensions
KLEEN SHAVE KS II,2.5,0,0,,,Grooming
KOFLET 100ML HIMALAYA,24,0,0,,,Pharmaceuticals
ALBEN SUSP. 10ML,5.5,0,0,,,Syrups & Suspensions
SHALCIP 500MG,6,0,0,,,Pharmaceuticals
LUEX CHILDRENS DRY COUGH SYRUP,19.5,0,0,,,Syrups & Suspensions
LUEX BABY COUGH SYRUP,21,0,0,,,Syrups & Suspensions
NEO-HYCOLEX DROPS 5ML,22,0,0,,,Drops
CIPROLEX EYE/EAR DROP,13,0,0,,,Drops
GASTRACID 200ML,8.65,0,0,,,Pharmaceuticals
CONGESTYL,8.5,0,0,,,Pharmaceuticals
OXYNIC 625MG TABLET,17,0,0,,,Tablets & Capsules
OXYNIC 1000MG TABLET,20,0,0,,,Tablets & Capsules
TOBVITAL MULTIVITAMIN TABS,2.39,0,0,,,Tablets & Capsules
OZITAS-5 PER TAB,0.7,0,0,,,Tablets & Capsules
BABYBOON GRIPE WATER,17.24,0,0,,,Pharmaceuticals
LONART TAB 20/120 (24S),7.5,0,0,,,Tablets & Capsules
MUCOLEX EXPECT ADULT,23.5,0,0,,,Pharmaceuticals
LEXOFEN SUSP 150ML,19.5,0,0,,,Syrups & Suspensions
KLIRE 4 -WAY SYRUP,14,0,0,,,Syrups & Suspensions
STROBIN MENTHOYLYPTUS LOZENGES,1.5,0,0,,,Pharmaceuticals
PRO 500 SHAVING BLADE,2.5,0,0,,,Pharmaceuticals
LAWASH INTIMATE WASH 100ML,12.5,0,0,,,Personal Care
CLOSE DEEP ACTION 125G BIG BLUE,6.5,0,0,,,Pharmaceuticals
PEPSODENT 123 140G,10,0,0,,,Pharmaceuticals
SIESTA VALERIAN 2000 PER TAB,3.2,0,0,,,Tablets & Capsules
BB COCKTAIL,6,0,0,,,Pharmaceuticals
MILO DRINK,6.5,0,0,,,Pharmaceuticals
HOVID FEMININE WASH PH3.5 60ML,15,0,0,,,Personal Care
HOVID FEMININE HYG WASH 200ML,25,0,0,,,Personal Care
ABIDEC SYR,70,0,0,,,Pharmaceuticals
ACNERON CREAM 30G,3.84,0,0,,,Creams & Ointments
ACTIFED COLD SYRUP,0,0,0,,,Syrups & Suspensions
ACTIFED MULTI-ACTION TAB,35,0,0,,,Tablets & Capsules
ADOM W&G MIXTURE,14,0,0,,,Pharmaceuticals
ALAFIA KOKOO BITTERS,11,0,0,,,Pharmaceuticals
AMICLOX 500MG PER CAP,0.4,0,0,,,Pharmaceuticals
"AMOKSIKLAV 228,5",19,0,0,,,Pharmaceuticals
AMOKSIKLAV 625MG,46.5,0,0,,,Pharmaceuticals
AMOVULIN 625,23.28,0,0,,,Pharmaceuticals
AMOXICILLIN 500MG (EXERTER),14.5,0,0,,,Pharmaceuticals
AMOXICILLIN 250MG PER CAP,0.2,0,0,,,Pharmaceuticals
AMOXICILLIN 500MG PER CAP,0.3,0,0,,,Pharmaceuticals
AMUROX 500MG TABLET,26.73,0,0,,,Tablets & Capsules
ANAEMIA TEST,15,0,0,,,Pharmaceuticals
APC PER STRIP,2,0,0,,,Pharmaceuticals
APETATRUST SYRUP(150ML),9,0,0,,,Syrups & Suspensions
APPLE CIDER DRINK,8,0,0,,,Pharmaceuticals
AQUAFRESH MILK TEETH T/P( 0-2YRS),10.5,0,0,,,Baby Nutrition
ARABA BA ZHEN TABLETS,25,0,0,,,Tablets & Capsules
ASMADRIN,2,0,0,,,Pharmaceuticals
ATORVASTATIN 40MG PER TAB(WOCKHARDT),0.63,0,0,,,Tablets & Capsules
AUGMENTIN 228,61,0,0,,,Pharmaceuticals
AUGMENTIN SUSP 457,87.5,0,0,,,Syrups & Suspensions
AZILEX CAPS,21,0,0,,,Tablets & Capsules
AZITEX SUSP,21,0,0,,,Syrups & Suspensions
AZITHROMYCIN 500MG CAP (TEVA),28.5,0,0,,,Pharmaceuticals
AZOMAX 500MG TAB,33,0,0,,,Tablets & Capsules
BLOOD PRESSURE,1,0,0,,,Pharmaceuticals
BD SENTRY SAFETY LANCET,79.8,0,0,,,Pharmaceuticals
BEBAK HAND SANITIZER,15,0,0,,,Pharmaceuticals
BECOATIN TAB,14.5,0,0,,,Tablets & Capsules
BENDRO 2.5MG TAB ACCORD PER STRIP,6.5,0,0,,,Tablets & Capsules
BENDRO 2.5MG UK,0.3,0,0,,,Pharmaceuticals
BENDRO 5MG PER STRIP LOCAL,1.5,0,0,,,Pharmaceuticals
BENYLIN MUCUS TABS,46.55,0,0,,,Tablets & Capsules
BETALOC ZOK 50MG PER PAC,59.2,0,0,,,Pharmaceuticals
BISACODYL PER STRIP,1.5,0,0,,,Pharmaceuticals
BLACKSOAP SHOWER GEL 500ML,15,0,0,,,Creams & Ointments
BLOOD PRESSURE MONITOR,145,0,0,,,Pharmaceuticals
BLOPEN 100,0.99,0,0,,,Pharmaceuticals
BLOPEN GEL 30G,4.39,0,0,,,Creams & Ointments
BLUE JEANS ENERGY DRINK,10,0,0,,,Pharmaceuticals
BN BIOTIN 2500MCG 30S,13,0,0,,,Pharmaceuticals
BOAFOO KOO BITTERS,10,0,0,,,Pharmaceuticals
BORIC ACID EAR DROP,5,0,0,,,Drops
C FLOX 500MG PER TAB,1,0,0,,,Tablets & Capsules
CALPROFEN SUSP,44,0,0,,,Syrups & Suspensions
CAMEL SOAP175G,6,0,0,,,Personal Care
CETAPOL SYRUP 100ML,6.5,0,0,,,Syrups & Suspensions
CETRIZINE 10MG PER TAB,0.8,0,0,,,Tablets & Capsules
CETRIZINE SYR 60ML (UK),10,0,0,,,Syrups & Suspensions
CETZIN SYR 30ML,5,0,0,,,Syrups & Suspensions
CHEWETTE C,2,0,0,,,Pharmaceuticals
CHILDCARE NIGHTREST SYR,4,0,0,,,Pharmaceuticals
CHLO EAR DROPS 5%,5,0,0,,,Drops
CHLORAMPHENICOL EYE OINTMENT,4,0,0,,,Creams & Ointments
CHOLESTEROL TEST,40,0,0,,,Pharmaceuticals
CITRO C,2,0,0,,,Pharmaceuticals
CLAVULIN 1G,34.5,0,0,,,Pharmaceuticals
CLEANSING CHARCOAL TOOTHPASTE,12,0,0,,,Dental Care
CLINDAMYCIN 300MG PER CAP,1.6,0,0,,,Pharmaceuticals
COLODIUM 2 MG PER STRIP,3,0,0,,,Pharmaceuticals
COMBANTRIN,19,0,0,,,Pharmaceuticals
COMFORT SOFTNER,17,0,0,,,Pharmaceuticals
CREPE BANDAGE 6,6,0,0,,,Medical Supplies
DAKTARIN ORAL GEL 40G,60.8,0,0,,,Creams & Ointments
DECATYLEN LOZENGES PER STRIP,24,0,0,,,Pharmaceuticals
DETTOL 500ML,45,0,0,,,Pharmaceuticals
DETTOL SOAP COOL (160G),8,0,0,,,Personal Care
DEXONE 0.5MG TABLET,3,0,0,,,Tablets & Capsules
DIAGELLATE ELIXIR 125ML,20,0,0,,,Creams & Ointments
DIAGELLATE ELIXIR 250ML,32.5,0,0,,,Creams & Ointments
DICLOLEX 100MG TAB,2.5,0,0,,,Tablets & Capsules
DICNAC-SR 75 PER STRIP,8,0,0,,,Pharmaceuticals
DIGITAL THERMOMETER(OMRON),40.5,0,0,,,Pharmaceuticals
DIPHEX ANTITUSIVE SYR,10,0,0,,,Pharmaceuticals
DOMI-10 PER SUPP,3,0,0,,,Pharmaceuticals
DRAGON SPRAY,34,0,0,,,Sprays & Inhalers
DUREX CONDOM(FETHERLITE),15.6,0,0,,,Family Planning
DUROL JUNIOR 200ML,8.5,0,0,,,Pharmaceuticals
EFPAC,2,0,0,,,Pharmaceuticals
EKURO BEWU,5.5,0,0,,,Pharmaceuticals
ELAN SOFTNER 1L,10.5,0,0,,,Pharmaceuticals
ENAMYCIN 250 MG PER STRIP,2.75,0,0,,,Pharmaceuticals
ENTRAMOL PARACETAMOL 500MG PER STRIP,4,0,0,,,Pharmaceuticals
ENTRAMOL PLUS PER STRIP,3.6,0,0,,,Pharmaceuticals
ENTRANCE GLIBENC 5MG,0.59,0,0,,,Pharmaceuticals
ENTRIMA 20G,4.39,0,0,,,Pharmaceuticals
ESSENTIAL 3ML,1,0,0,,,Pharmaceuticals
FELDENE CAPS 10,54,0,0,,,Tablets & Capsules
FENBASE EXTRA,3,0,0,,,Pharmaceuticals
FEROCLEAR SYR 200ML (B/S),26,0,0,,,Syrups & Suspensions
FERROUS SULPHATE 30(EXERTER),8,0,0,,,Pharmaceuticals
FERROUS SULPHATE LOOSE,0.05,0,0,,,Pharmaceuticals
FERROVITA B12 SYRUP 200ML,37,0,0,,,Syrups & Suspensions
FIRST AID BOX,63,0,0,,,Pharmaceuticals
FISHERMANS FRIEND LOZ,10.5,0,0,,,Pharmaceuticals
FLEMEX ADULT,11.5,0,0,,,Pharmaceuticals
FLEMEX JUNIOR,10.5,0,0,,,Pharmaceuticals
FLEMING 1000MG TABLET,43.88,0,0,,,Tablets & Capsules
FLOXAPEN SUSP,24,0,0,,,Syrups & Suspensions
FLUCLOXACIN 250MG PER STRIP,5,0,0,,,Pharmaceuticals
FLUCLOXACIN 500MG PER STRIP,8,0,0,,,Pharmaceuticals
FLUXAMOX 500 PER TAB,0.56,0,0,,,Tablets & Capsules
FOLIC ACID UK,12.5,0,0,,,Pharmaceuticals
FRESHMAKER WIPES,3,0,0,,,Baby & Personal Care
FRUTELLI JUICE,12,0,0,,,Pharmaceuticals
GACET 1G,3.4,0,0,,,Pharmaceuticals
GALVUS MET 50/500MG PER TAB,3.46,0,0,,,Tablets & Capsules
GASTRONE SYRUP 100MLS,6,0,0,,,Syrups & Suspensions
GEBEDOL EXTRA,4,0,0,,,Pharmaceuticals
GEBEDOL FORTE,3.7,0,0,,,Pharmaceuticals
GEBEDOL PLUS,3,0,0,,,Pharmaceuticals
GENTIAN VIOLET PAINT,2.6,0,0,,,Pharmaceuticals
GIVERS POWER CAPS,29,0,0,,,Tablets & Capsules
GLOVES PER ONE,0.5,0,0,,,Medical Supplies
GLUCOLIFE C,9.5,0,0,,,Pharmaceuticals
GLUCOPHAGE 1000MG PER TAB,2.8,0,0,,,Tablets & Capsules
GLUCOSE TEST,5,0,0,,,Pharmaceuticals
GRISEOFULVIN 500MG PER STRIP(LETAP),5.8,0,0,,,Pharmaceuticals
GRISON SUSP,16.5,0,0,,,Syrups & Suspensions
GR-MOX 500MG PER PAC,4.2,0,0,,,Pharmaceuticals
HARPIC BLEACH PLUS,12,0,0,,,Pharmaceuticals
HEALTHAID VIT E 200,60,0,0,,,Pharmaceuticals
HEINZ CREAMED PORRIDGE 120G,7.5,0,0,,,Creams & Ointments
HEPATITIS B TEST,15,0,0,,,Pharmaceuticals
HERBAQUIN,16,0,0,,,Pharmaceuticals
HUMIDIFIER,450,0,0,,,Pharmaceuticals
HYDROCORTISONE CREAM 30G(EXERTER),23.5,0,0,,,Creams & Ointments
IBUPROFEN SUSP,23.4,0,0,,,Syrups & Suspensions
IBUREX,3.46,0,0,,,Pharmaceuticals
INDOMETHACIN 25MG TAB PER STRIP,1,0,0,,,Tablets & Capsules
INOXIME TAB 200MG PER TAB,1.2,0,0,,,Tablets & Capsules
JET 2 LOZ PER STRIP,1.5,0,0,,,Pharmaceuticals
JOINT CARE CAPS (60),0,0,0,,,Tablets & Capsules
JOY CARE BRUSH,2,0,0,,,Dental Care
JOY SOAP,5,0,0,,,Personal Care
KIDIVITE 200ML,8.5,0,0,,,Pharmaceuticals
KIDIVITE DROPS,16.7,0,0,,,Drops
KINGDOM KOO CAPS,19,0,0,,,Tablets & Capsules
KLIRE ANTACID 125ML,9,0,0,,,Pharmaceuticals
KLIRE TAB,4,0,0,,,Tablets & Capsules
KUTIES ADULT PANTS,48,0,0,,,Pharmaceuticals
KWIK ACTION TAB,0.8,0,0,,,Tablets & Capsules
LADIES COMPANION,20,0,0,,,Pharmaceuticals
LAVNAC 100MG PER SUPP,1,0,0,,,Pharmaceuticals
LETALIN EXP,5,0,0,,,Pharmaceuticals
LIFEBUOY SOAP 175G,5.99,0,0,,,Personal Care
LIGABA 75MG PER TABLET,2.13,0,0,,,Tablets & Capsules
LIPITOR 20MG TABLET,8.86,0,0,,,Tablets & Capsules
LIPITOR 40MG TABLET,8.9,0,0,,,Tablets & Capsules
LISINOPRIL 10MG PER STRIP(ALMUS),7,0,0,,,Pharmaceuticals
LISTERINE MOUTH WASH 1.5L(ALL TYPES),88.5,0,0,,,Personal Care
LISTERINE VARIETY 250ML,20.62,0,0,,,Pharmaceuticals
LOFNAC -50,1.3,0,0,,,Pharmaceuticals
LOFNAC-100,2,0,0,,,Pharmaceuticals
LONART DS,22.5,0,0,,,Pharmaceuticals
LOSARTAN 50MG SANDOZ PER STRIP,13,0,0,,,Pharmaceuticals
LUCKY MIXTURE,13,0,0,,,Pharmaceuticals
LUEX INHALER,6,0,0,,,Sprays & Inhalers
LUFART DS 80/480,20.5,0,0,,,Pharmaceuticals
LUMETRUST 140 20/120,6,0,0,,,Family Planning
LUMETRUST-FORTE 80/480MG,12,0,0,,,Pharmaceuticals
LYNUX FAMILY OINTMENT 20G,35,0,0,,,Creams & Ointments
MAALOX SUSP SACHETS,2.3,0,0,,,Syrups & Suspensions
MAAME DAAMIA MASTER OINTMENT,5.2,0,0,,,Creams & Ointments
MADAR GETOL125ML,4.5,0,0,,,Pharmaceuticals
MAGIC SHAVING POWDER,20,0,0,,,Pharmaceuticals
MALAFAN TAB,2,0,0,,,Tablets & Capsules
MALAR-2 60ML,13.5,0,0,,,Pharmaceuticals
MALAR-2 FORTE DS 80/ 480,15,0,0,,,Pharmaceuticals
MALARIA TEST,10,0,0,,,Pharmaceuticals
MALIN BABY 125ML,10.7,0,0,,,Pharmaceuticals
MALTA GUINNESS,6,0,0,,,Pharmaceuticals
MEDI MOSES HERBAL TEA,16,0,0,,,Pharmaceuticals
MAXMOX 500MG PER BOX,7,0,0,,,Pharmaceuticals
MENOPACE,49.56,0,0,,,Pharmaceuticals
MENTHOX LOZENGES,1,0,0,,,Pharmaceuticals
MENTOS ICE CHEW GUM 8S,3.5,0,0,,,Pharmaceuticals
METFORMIN- DENK 1G PER TAB,2,0,0,,,Tablets & Capsules
METHYLATED SPIRIT 200ML(UNICOM),7.8,0,0,,,Pharmaceuticals
METHYLDOPA 250MG PER TAB,0.6,0,0,,,Tablets & Capsules
METROLEX -F TABS,17,0,0,,,Tablets & Capsules
METRONIDAZOLE 200MG PER STRIP,1,0,0,,,Pharmaceuticals
METRONIDAZOLE 400MG PER STRIP,2.3,0,0,,,Pharmaceuticals
MIST SENNACO,5.5,0,0,,,Pharmaceuticals
MMT SUSP,6,0,0,,,Syrups & Suspensions
MOTILIUM 10MG,1.2,0,0,,,Pharmaceuticals
MUCOLEX JUNIOR,19.5,0,0,,,Pharmaceuticals
MUCOTIN ADULT 5% SYRUP,9.98,0,0,,,Syrups & Suspensions
NAN 1 COMFORT,48,0,0,,,Baby Nutrition
NESTRIM PER STRIP,2,0,0,,,Pharmaceuticals
NEUROPAT PLUS,64.5,0,0,,,Pharmaceuticals
NEXCOFER SYR 200ML,13,0,0,,,Syrups & Suspensions
NODIUM PER STRIP,2,0,0,,,Pharmaceuticals
NORMAL SALINE DROP 0.9%,11.5,0,0,,,Drops
NORTIS TAB,13,0,0,,,Tablets & Capsules
NOVAFEN TAB,1.5,0,0,,,Tablets & Capsules
NOVAGYL SUSP 125,5.6,0,0,,,Syrups & Suspensions
NUROFEN SUSP(BRUFEN ORIGINAL )100ML,57.6,0,0,,,Syrups & Suspensions
OCEAN SANITIZER 500ML,25,0,0,,,Pharmaceuticals
OMEGA OIL 50ML,10.5,0,0,,,Vitamins & Supplements
OMEPRAZOLE 20MG PER PAC (DR REDDY),12.5,0,0,,,Pharmaceuticals
ORS FLAVOURED ORANGE,1,0,0,,,Pharmaceuticals
OTRIVIN DROP INFANT,38,0,0,,,Drops
PAINGAY,4,0,0,,,Pharmaceuticals
PAINOFF,1,0,0,,,Pharmaceuticals
PALMOLIVE B VARIETY,27,0,0,,,Pharmaceuticals
PANADOL EXTRA PER STRIP (N),4,0,0,,,Pharmaceuticals
PARACETAMOL 500MG EXETER PER STRIP,2.5,0,0,,,Pharmaceuticals
PARACETAMOL 500MG CRESCENT STRIP,3,0,0,,,Pharmaceuticals
PARACETAMOL TAB 500MG,1.5,0,0,,,Tablets & Capsules
PECTOL LOZ PER TRIP,1.5,0,0,,,Pharmaceuticals
PENICILLIN OINTMENT 20 GRAMS,6,0,0,,,Creams & Ointments
PENICILLIN -V TABS,1.5,0,0,,,Tablets & Capsules
PIROXICAM PER STRIP,2,0,0,,,Pharmaceuticals
PLASTER 1/2,0,0,0,,,Medical Supplies
PONSTAN 250,1.52,0,0,,,Pharmaceuticals
POSTINOR 2 WHITE,5,0,0,,,Pharmaceuticals
POTEX 2,11,0,0,,,Pharmaceuticals
PREDNISOLE 5MG PER STRIP,1.5,0,0,,,Pharmaceuticals
PREGNACARE MAX,148.5,0,0,,,Pharmaceuticals
PREGNANCY TEST RED BIRD,5,0,0,,,Pharmaceuticals
PREGNANCY TEST KIT(UK),10.5,0,0,,,Pharmaceuticals
PRE-MECO PER CAPS,2,0,0,,,Tablets & Capsules
PROCOLD SYR,20.2,0,0,,,Pharmaceuticals
PROCOMIL PER CAP,1.6,0,0,,,Pharmaceuticals
PROMETHAZINE SYRUP ECL,5,0,0,,,Syrups & Suspensions
PROPA PAD,10,0,0,,,Baby & Personal Care
X TAB,0,0,0,,,Tablets & Capsules
PROVERA 10MG PER TAB,5.7,0,0,,,Tablets & Capsules
PROXEED PLUS PER SACHET,14,0,0,,,Pharmaceuticals
PSA TEST,15,0,0,,,Pharmaceuticals
P-TRUST MALARIA TEST KIT,6,0,0,,,Family Planning
RAPINOL,0.7,0,0,,,Pharmaceuticals
REXONA ROLL ON 50ML,13,0,0,,,Fragrances
RHIZIN 30ML,5,0,0,,,Pharmaceuticals
ROBB INHALER,2.5,0,0,,,Sprays & Inhalers
ROBERTS GLYCERINE 30 ML,7,0,0,,,Pharmaceuticals
ROBERTS GLYCERINE 90 ML,12.5,0,0,,,Pharmaceuticals
3CHLORAMPHENICOL EYE DROP,2,0,0,,,Drops
ROMART CALAMINE 200ML,8,0,0,,,Pharmaceuticals
ROOTER FEVER MIXTURE,10,0,0,,,Pharmaceuticals
RUBBING ALCOHOL 250ML,9.31,0,0,,,Pharmaceuticals
SABROSO VENIGAR 500ML,45,0,0,,,Pharmaceuticals
SALBUTAMOL 4MG PER STRIP,1,0,0,,,Pharmaceuticals
SALICYLIC ACID,6.5,0,0,,,Pharmaceuticals
SALO C TAB PER STRIP,1.5,0,0,,,Tablets & Capsules
SALOMOL PARA SYR,5.8,0,0,,,Pharmaceuticals
SAMALIN ADULT LOZENGES PER PAC,4,0,0,,,Pharmaceuticals
SAMALIN JUNIOR COUGH,9,0,0,,,Pharmaceuticals
SENECARE ABSORBENT COTTON 50GMS,0,0,0,,,General
SILVER BIRD OIL,18.5,0,0,,,Pharmaceuticals
SILVERZINE 1% 25G,7,0,0,,,Pharmaceuticals
SIMPLE LINCTUS ADULT,5,0,0,,,Pharmaceuticals
SIMVASTATIN 20MG PER TAB,0.6,0,0,,,Tablets & Capsules
SINOCARE MACHINE,150,0,0,,,Pharmaceuticals
SIRDALUD 4MG PER TAB,2.94,0,0,,,Tablets & Capsules
SNAPPLE VARIETIES,8.7,0,0,,,Pharmaceuticals
SOFTCARE PAD VARIETY,10,0,0,,,Baby & Personal Care
SPARNISH FLY,100,0,0,,,Pharmaceuticals
STAGYL 1GM,3.5,0,0,,,Pharmaceuticals
STOPKOF BABY,6.5,0,0,,,Pharmaceuticals
STREPSILS LOZ 36S,1.4,0,0,,,Pharmaceuticals
STREPSILS LOZ 24S,1.6,0,0,,,Pharmaceuticals
STREPSILS LOZENGES 16S PER TAB,3,0,0,,,Tablets & Capsules
STREPTOL LOZ(12,2,0,0,,,Pharmaceuticals
STUGERON 25MG PER TAB,1,0,0,,,Tablets & Capsules
SUDOCREAM 125GM,44.5,0,0,,,Creams & Ointments
SUDOCREAM 60GM,31,0,0,,,Creams & Ointments
TADOL 50MG PER TAB,3.7,0,0,,,Tablets & Capsules
TEA TREE SCRUB,12,0,0,,,Pharmaceuticals
THYPHOID TEST,15,0,0,,,Pharmaceuticals
TINY VITE DROP,57.5,0,0,,,Drops
TOUCH & GO,32.5,0,0,,,Pharmaceuticals
TRAVATAN DROP 2.5ML,103,0,0,,,Drops
TRUSTCARE COTTON WOOL 25G,2.5,0,0,,,Pharmaceuticals
TRUSTCARE GAUZE BANDAGE 3 INCHES,0.7,0,0,,,Medical Supplies
TRUSTCARE GAUZE BANDAGE 4 INCHES,1.2,0,0,,,Medical Supplies
TRUSTCARE HAND SANITIZER 200ML,9,0,0,,,Pharmaceuticals
TYLENOL 500MG PER SACHET 2,1.3,0,0,,,Pharmaceuticals
TYPHOID TEST,15,0,0,,,Pharmaceuticals
VALUPAK EYE CARE,42,0,0,,,Pharmaceuticals
VASELINE LOTION 400ML,16,0,0,,,Lotions
VERMOX 500MG TABLET,12.5,0,0,,,Tablets & Capsules
VERMOX SUSP 30ML,24.5,0,0,,,Syrups & Suspensions
VERNA 500ML SMALL,1.2,0,0,,,Pharmaceuticals
VERNA 750ML MEDIUM,2,0,0,,,Pharmaceuticals
VICTORY GARLIC MIXTURE,14.5,0,0,,,Pharmaceuticals
VIT E CAPS 200IU,30,0,0,,,Tablets & Capsules
VITAMIN B COMPLEX TABLET LOCAL,0.5,0,0,,,Tablets & Capsules
VITAMIN C -CHEWABLE (ALPHA),19.5,0,0,,,Vitamins & Supplements
WELLWOMAN MAX,153.5,0,0,,,Pharmaceuticals
WORMEE TAB,3,0,0,,,Tablets & Capsules
WORMPLEX 400 TAB,9.5,0,0,,,Tablets & Capsules
WORMPLEX SUSP,12,0,0,,,Syrups & Suspensions
X ZOLE 100ML,4.92,0,0,,,Pharmaceuticals
YAZZ SANITARY PAD,12,0,0,,,Baby & Personal Care
ZENTEL SUSP,18,0,0,,,Syrups & Suspensions
ZENTEL TABLET 2S,15.5,0,0,,,Tablets & Capsules
ZINNAT 125 SUSP 100ML,169.5,0,0,,,Syrups & Suspensions
ZINNAT SUSP 125 50ML,73.5,0,0,,,Syrups & Suspensions
ZIRTEK SOLUTION 150ML,66.5,0,0,,,Pharmaceuticals
ZOLOCAN TAB,6,0,0,,,Tablets & Capsules
ZOO KIDS BRUSH,1,0,0,,,Dental Care
ZUBES LOZENGES,1.5,0,0,,,Pharmaceuticals
CORSODYL MOUTH WASH (500ML) FRESH BREATH,49.9,0,0,,,Personal Care
CORSODYL MOUTHWASH COOL MINT (500ML),50,0,0,,,Personal Care
DEEP FREEZE GEL (35G),41,0,0,,,Creams & Ointments
COLGATE PLAX MOUTH WASH (500ML),38,0,0,,,Personal Care
SILVEDERMA CREAM 50G,37.6,0,0,,,Creams & Ointments
DIPROSON CREAM 30G SHALINA,6.5,0,0,,,Creams & Ointments
HARD COLLAR(FLAMINGO)M/S,91,0,0,,,Pharmaceuticals
BETASOL CREAM 30G,5,0,0,,,Creams & Ointments
BIO OIL 60ML,41.5,0,0,,,Pharmaceuticals
BIO-OIL 125ML,69.2,0,0,,,Pharmaceuticals
BORGES OLIVE OIL 125ML,16.9,0,0,,,Pharmaceuticals
KETAZOL SHAMPOO,18,0,0,,,Personal Care
LISTERINE MOUTH WASH 500ML,43.5,0,0,,,Personal Care
NERVE & BONE LIN,15,0,0,,,Pharmaceuticals
OLFEN GEL 50G,30.5,0,0,,,Creams & Ointments
PLASTER 4,15.5,0,0,,,Medical Supplies
SAMOCID TINTURE,46,0,0,,,Pharmaceuticals
SILVER SULFADIAZINE CREAM,38.5,0,0,,,Creams & Ointments
SERETIDE 50/250MCG ADULTS,95,0,0,,,Pharmaceuticals
SERETIDE 50/100MCG KIDS,79,0,0,,,Pharmaceuticals
JOHNSON BEDTIME BABY LOTION 300ML,21,0,0,,,Lotions
CLOTRI-DENK 1% CREAM,33.6,0,0,,,Creams & Ointments
VENTOLIN NEBULES 5MG,3.95,0,0,,,Pharmaceuticals
E45 CREAM TUBE,37,0,0,,,Creams & Ointments
NIGHT NURSE SYRUP 160ML,68,0,0,,,Syrups & Suspensions
AQUAFRESH LITTLE TEETH 3-5 50ML,10.5,0,0,,,Pharmaceuticals
OPTREX REFRESHING EYE DROPS,51.22,0,0,,,Drops
CANESTEN THRUST CREAM 20G,52,0,0,,,Creams & Ointments
CANESTEN THRUSH PESS,77.9,0,0,,,Pharmaceuticals
CERUMOL EAR DROPS 10ML,29,0,0,,,Drops
COVONIA CATARRH RELIEF,37.24,0,0,,,Pharmaceuticals
COVONIA CHESTY COUGH SUGAR FREE,34,0,0,,,Pharmaceuticals
GALFER CAPS,73,0,0,,,Tablets & Capsules
BUTTERCUP 150ML,50.5,0,0,,,Pharmaceuticals
MENTHODEX COUGH MIXTURE 200ML,34.5,0,0,,,Pharmaceuticals
BABY COUGH SYR 1MONTH+(BELLS),18,0,0,,,Syrups & Suspensions
DAY-VIT ACTIVE - HEALTH AID,71,0,0,,,Pharmaceuticals
WELLMAN ORIGINAL,75,0,0,,,Pharmaceuticals
IMMUNACE( INDIA),67,0,0,,,Pharmaceuticals
WELLMAN 50+ HEALTH AND VITALITY,79.5,0,0,,,Pharmaceuticals
WELLMAN CONCEPTION,88,0,0,,,Pharmaceuticals
WELLWOMAN 50+ CAPS,79,0,0,,,Tablets & Capsules
FEROGLOBIN B12 SYRUP,68,0,0,,,Syrups & Suspensions
ULTRA -D3 (VITABIOTICS),58.5,0,0,,,Tablets & Capsules
NEUROZAN MENTAL PERFORMANCE,136.5,0,0,,,Pharmaceuticals
PREGNACARE LIQUID(200ML),72,0,0,,,Pharmaceuticals
WELLBABY MULTIVITAMIN DROPS,79.5,0,0,,,Drops
"HAIR, NAILS AND SKIN - HEALTHLINK",50.01,0,0,,,Pharmaceuticals
MENSTRUAL CYCLE - HEALTHLINK,45.5,0,0,,,Pharmaceuticals
PRETTY INTIMATE PANTY LINERS 30,7,0,0,,,Pharmaceuticals
HISTERGAN CREAM 25G,38,0,0,,,Creams & Ointments
NEOVITA CAPSULES WITH GINSENG,78,0,0,,,Tablets & Capsules
AVOMIN 25MG PER TAB,3,0,0,,,Tablets & Capsules
SELEVITE 30 TABS,35,0,0,,,Tablets & Capsules
AQUEOUS CREAM 500ML,17.29,0,0,,,Creams & Ointments
LIQUFRUTA 100ML,27.9,0,0,,,Pharmaceuticals
LIQUIFRUTA SYRUP 200ML,37.21,0,0,,,Syrups & Suspensions
MAXITROL EYE DROP 5ML,27.5,0,0,,,Drops
NAPHCON-A 15ML EYE DROPS,28.6,0,0,,,Drops
PURITY BABY FOOD VARIETIES,6,0,0,,,Pharmaceuticals
BENYLIN PEDIATRIC,50.5,0,0,,,Pharmaceuticals
ALPHAGAN PURITE EYE DROP(1.5MG/ML),123,0,0,,,Drops
REFRESH LIDUIGEL(15ML),62.5,0,0,,,Creams & Ointments
REFRESH TEARS 15ML,99.9,0,0,,,Pharmaceuticals
RUBBING ALCOHOL 500ML,13,0,0,,,Pharmaceuticals
CERELAC 400G TIN,20,0,0,,,Baby Nutrition
CAMEL ANTISPETIC 500ML,25,0,0,,,Pharmaceuticals
SASSO SPRAY 300ML,20,0,0,,,Sprays & Inhalers
LIVING BITTERS CAPS,25.8,0,0,,,Tablets & Capsules
CHOCHO CREAM TUBE S/S (32G),7.5,0,0,,,Creams & Ointments
MADAR ZONE 1LITRE,8,0,0,,,Pharmaceuticals
DEXATROL 5ML EYE/EAR,22,0,0,,,Pharmaceuticals
EPICROM 4% 10ML,21.15,0,0,,,Pharmaceuticals
FREE FLEX ULTRA CAPS,169,0,0,,,Tablets & Capsules
COMFREY ADULT DIAPER XL,40,0,0,,,Baby & Personal Care
FLAREX 0.1% 5ML,26.6,0,0,,,Pharmaceuticals
SMA PRO 1,51,0,0,,,Pharmaceuticals
CLARITYNE SYR(100ML),72,0,0,,,Pharmaceuticals
CANPED ADULT PANTS(XL),67.6,0,0,,,Pharmaceuticals
APTIZOOOM SYRUP STRAWBERRY,49.5,0,0,,,Syrups & Suspensions
PILEX OINTMENT 30G,42.5,0,0,,,Creams & Ointments
SUPER APETI SYR 200ML,11.5,0,0,,,Syrups & Suspensions
MIMORANGE SYR,11,0,0,,,Pharmaceuticals
OSTEOCARE SYRUP INDIA,13,0,0,,,Syrups & Suspensions
VOPLPAR,5.5,0,0,,,Pharmaceuticals
PROWOMAN - EXETER,51.74,0,0,,,Pharmaceuticals
MAXISPORIN EYE DROPS 5ML,21.95,0,0,,,Drops
ADUTWUMWAA BITTERS,11.5,0,0,,,Pharmaceuticals
AMICLOX SUSP,11,0,0,,,Syrups & Suspensions
APTAMIL 1&2 (400G),70,0,0,,,Pharmaceuticals
APTAMIL 3 TODDLER MILK,123.5,0,0,,,Baby Nutrition
ATENOLOL 50MG (ECL) PER STRIP,2.5,0,0,,,Pharmaceuticals
AZOMAX SUSP 200MG,55.5,0,0,,,Syrups & Suspensions
BABYVITE DROPS,12.5,0,0,,,Drops
BABYVITE SYR 100ML,6,0,0,,,Syrups & Suspensions
BONJELA GEL 16+,56,0,0,,,Creams & Ointments
BRIGHTFOD STRONG,16,0,0,,,Pharmaceuticals
BRO-ZEDEX SYR,20,0,0,,,Pharmaceuticals
CABINDA HERBAL CAPS,16,0,0,,,Tablets & Capsules
CERELAC 400G TIN (FRUITY),20,0,0,,,Baby Nutrition
CHOCHO TEA,10,0,0,,,Pharmaceuticals
CIPROLEX TZ,38,0,0,,,Pharmaceuticals
DAY NURSE CAPS,74,0,0,,,Tablets & Capsules
DERMOVATE CREAM 25G,43.62,0,0,,,Creams & Ointments
DOVE SHOWER GEL,30,0,0,,,Creams & Ointments
EASY ON SPRAY STARCH,15,0,0,,,Sprays & Inhalers
ELAN GLASS CLEANER S/S (500ML),7.5,0,0,,,Pharmaceuticals
ELAN SOFTNER 3L,35,0,0,,,Pharmaceuticals
ELAN USABLE TISSUE,20,0,0,,,Pharmaceuticals
ELEGANT BRUSH,2,0,0,,,Dental Care
EPHEDRINE 0.5% NASAL DROP(LOCAL),5.5,0,0,,,Drops
FEROCLEAR SYR 150ML,14,0,0,,,Syrups & Suspensions
FERUM SYR,7,0,0,,,Pharmaceuticals
FLORADISH SYR (200ML),36,0,0,,,Syrups & Suspensions
FOLIGROW TONIC,30,0,0,,,Pharmaceuticals
GARLIC PEARLS,11,0,0,,,Pharmaceuticals
GENECURE CAPS,16.3,0,0,,,Tablets & Capsules
GEN-M TAB(80/480),35.5,0,0,,,Tablets & Capsules
GLUCOLIFE D,15.5,0,0,,,Pharmaceuticals
GLUCOLIFE PLAIN,15.5,0,0,,,Pharmaceuticals
GOOD DOCTOR BRUSH,2,0,0,,,Dental Care
GYNO-DAKTARIN 400 MG,42.5,0,0,,,Pharmaceuticals
HEPA PLUS,12,0,0,,,Pharmaceuticals
ICTHAMOL OINT,16,0,0,,,Creams & Ointments
IMAX DELAY SPRAY,35.5,0,0,,,Sprays & Inhalers
IMAZOLE 200-V,9.31,0,0,,,Pharmaceuticals
LETAPLEX -B,4,0,0,,,Pharmaceuticals
LETAVIT SYR [VITAMINS],3,0,0,,,Syrups & Suspensions
LIV.52 TABLETS HIMALAYA,61.5,0,0,,,Tablets & Capsules
LONGRICH T/P,35,0,0,,,Pharmaceuticals
LUBRI MAX GEL,22.1,0,0,,,Creams & Ointments
LUMETRUST DS 40/240MG,9,0,0,,,Family Planning
MAGACID SUSP 200ML,10.5,0,0,,,Syrups & Suspensions
MEDGLOBIN CAPS,37,0,0,,,Tablets & Capsules
NANA AGYEI LAXATIVE,2,0,0,,,Pharmaceuticals
NEO-CORT EEN EYE/NASAL DROPS,38.5,0,0,,,Drops
NOSE MASK BLACK,13,0,0,,,Pharmaceuticals
OPTREX EYE WASH 100ML,38,0,0,,,Personal Care
OSONS GARLIC PEARLS,10,0,0,,,Pharmaceuticals
DALACIN C SUSPENSION 75,110,0,0,,,Syrups & Suspensions
PERFECTIL PLUS CAPS,182,0,0,,,Tablets & Capsules
PERFECTIL PLATINUM 60,286,0,0,,,Pharmaceuticals
PREGNACARE NEW MUM,114.5,0,0,,,Pharmaceuticals
PREGNACARE ORIGINAL,92,0,0,,,Pharmaceuticals
PREGNACARE PLUS OMEGA CAPS,141,0,0,,,Tablets & Capsules
PROSTAT 60 30S,65,0,0,,,Pharmaceuticals
ROOTER TYTONIC,20.2,0,0,,,Pharmaceuticals
SAVLON 75ML,7,0,0,,,Pharmaceuticals
SEBAMED BAR SOAP(100G),24.6,0,0,,,Personal Care
SEBAMED DIAPER RASH CREAM 100ML,45,0,0,,,Creams & Ointments
SECNIDEX TAB (EXERTER),9,0,0,,,Tablets & Capsules
SIBI HERBAL SOAP (200G),17.5,0,0,,,Personal Care
SIBI MEN CAPSULES,16.9,0,0,,,Tablets & Capsules
SIBI WOMEN CAPS,16,0,0,,,Tablets & Capsules
SLIM SMART,113.05,0,0,,,Pharmaceuticals
SPARNISH HAMMER CAPS,14.5,0,0,,,Tablets & Capsules
SPERTONIC TAB,33,0,0,,,Tablets & Capsules
STOPKOF EXPECT ADULT,11,0,0,,,Pharmaceuticals
STOPKOF EXPECTORANT CHILDREN,9.5,0,0,,,Pharmaceuticals
SUPA SANTI XL,50,0,0,,,Pharmaceuticals
SUPASANTI ADULT DIAPERS L10,50,0,0,,,Baby & Personal Care
TEEDAR SYRUP PAIN 125 ML,11.5,0,0,,,Syrups & Suspensions
TINATETT TOMAC MIXTURE,26,0,0,,,Pharmaceuticals
ULTRA VITAMIN C 500MG VITABIOTICS,59.85,0,0,,,Tablets & Capsules
VIROL SYR,12,0,0,,,Pharmaceuticals
VISCOF S,17,0,0,,,Pharmaceuticals
VISIONACE CAPS ORIGINAL,130,0,0,,,Tablets & Capsules
WELLKID CHEWABLE TAB 30S,79.5,0,0,,,Tablets & Capsules
ZITHROMAX 200MG SUSP,171,0,0,,,Syrups & Suspensions
ZYMAX 200MG/5ML SUSP,14,0,0,,,Syrups & Suspensions
ZYMAX 250MG TAB,9.5,0,0,,,Tablets & Capsules
ZYMAX 500MG TAB,17.5,0,0,,,Tablets & Capsules
CORSODYL MOUTHWASH 300ML,47,0,0,,,Personal Care
DEEP FREEZE GEL(100G),41.2,0,0,,,Creams & Ointments
CASTOR OIL,15.5,0,0,,,Pharmaceuticals
LAVET FEM WASH 20ML,27,0,0,,,Personal Care
VOLTAREN EMULGEL 1%(20G),39,0,0,,,Creams & Ointments
KNEE SUPPORT,39,0,0,,,Pharmaceuticals
BRAGG APPLE CIDER VINEGAR 473ML,56,0,0,,,Pharmaceuticals
CANDEREL,15.6,0,0,,,Pharmaceuticals
BORGES OLIVE OIL 500ML,53,0,0,,,Pharmaceuticals
BORGES OLIVE OIL 250ML,31.2,0,0,,,Pharmaceuticals
VOLTAREN EMULGEL 1%(50G),39.8,0,0,,,Creams & Ointments
BRAGG APPLE CIDER VINEGAR 946ML,82,0,0,,,Pharmaceuticals
DICLOLEX POWER HEAT GEL (30G),9,0,0,,,Creams & Ointments
DREZ SOLUTION 30ML,16,0,0,,,Pharmaceuticals
HI LADY INT WASH 50ML,23,0,0,,,Personal Care
HYDROGEN PEROX 200ML,6,0,0,,,Pharmaceuticals
IMPRESSER OIL,67.5,0,0,,,Pharmaceuticals
LEXSPORIN POWDER,19.4,0,0,,,Pharmaceuticals
PMF PETROLEUM JELLY 200G,17,0,0,,,Pharmaceuticals
POLAR ICE GEL BIG SIZE,20,0,0,,,Creams & Ointments
SHOULDER SUPPORT,80.6,0,0,,,Pharmaceuticals
GIDI POWA,16.3,0,0,,,Pharmaceuticals
HOT WATTER BOTTLE 2L,41.5,0,0,,,Pharmaceuticals
BRUT SPRAY (CAN) ORIGINAL,25,0,0,,,Sprays & Inhalers
POLYGYNAX V PESS 6S,51,0,0,,,Pharmaceuticals
DAKTARIN SPRAY POWDER 150G,49.5,0,0,,,Sprays & Inhalers
JOHNSON TOP TO TOE 500ML,30,0,0,,,Pharmaceuticals
ENTEROGERMINA VIALS,6,0,0,,,Pharmaceuticals
NIVEA MEN SHOWER GEL (ACTIVE CLEAN CHARCOAL),24,0,0,,,Creams & Ointments
NIVEA SPRAY (ALL TYPES),23,0,0,,,Sprays & Inhalers
NIVEA CARE SHOWER(FRESH ALOE) 500ML,34,0,0,,,Pharmaceuticals
FLASH MULTI SURFACE CLEANER,13,0,0,,,Pharmaceuticals
PEPTO BISMOL 240ML,52,0,0,,,Pharmaceuticals
VITANE ORAL DROPS,32.28,0,0,,,Drops
E 45 CREAM CONTAINER (125MG),53,0,0,,,Creams & Ointments
CALPOL SIX PLUS SUSPENSION,60,0,0,,,Syrups & Suspensions
RAID SPRAY 300ML,21,0,0,,,Sprays & Inhalers
GALFER SYRUP 300ML,117,0,0,,,Syrups & Suspensions
ACNE CLEANING SOAP,18.61,0,0,,,Personal Care
ABIDEC DROPS,63,0,0,,,Drops
MINAMINO SYRUP,46,0,0,,,Syrups & Suspensions
SUDOCREAM 250G,63,0,0,,,Creams & Ointments
VIT E 400IU (HEALTH AID),79.5,0,0,,,Pharmaceuticals
WELLWOMAN ORIGINAL,80,0,0,,,Pharmaceuticals
ULTRA OMEGA -3 VITABIOTICS TABS,66,0,0,,,Tablets & Capsules
OSTEOCARE ORIGINAL,40,0,0,,,Pharmaceuticals
OSTEOCARE PLUS OMEGA SOY,156,0,0,,,Vitamins & Supplements
WELLWOMAN PLUS,129,0,0,,,Pharmaceuticals
WELLMAN PLUS,97.5,0,0,,,Pharmaceuticals
WELLMAN 70+,74.5,0,0,,,Pharmaceuticals
WELLBABY VIT D DROPS,57.19,0,0,,,Drops
WELLKID IMMUNE CHEWABLE TAB,79.5,0,0,,,Tablets & Capsules
VALUPAK 90 FOLIC ACID TABS,17.5,0,0,,,Tablets & Capsules
VALUPAK 30 GLUCOSAMINE TABS,28.6,0,0,,,Tablets & Capsules
VALUPAK CHEWABLE VIT C 30S,22,0,0,,,Pharmaceuticals
GLUCOSAMINE & CHONDROITIN (H L),70.2,0,0,,,Pharmaceuticals
IMMUNE SYSTEM - HEALTHLINK,39.5,0,0,,,Pharmaceuticals
EVENING PRIMROSE OIL (BASIC NUTRITION) 30,36.4,0,0,,,Pharmaceuticals
ALPHA GARLIC CAPSULES,17.6,0,0,,,Tablets & Capsules
TIXYLIX BABY SYRUP,32.5,0,0,,,Syrups & Suspensions
POLIGRIP 40G,28.6,0,0,,,Pharmaceuticals
CYPRODINE SYRUP,43,0,0,,,Syrups & Suspensions
PATANOL EYE DROP 0.1%,49.5,0,0,,,Drops
PURITY BABY FOOD L/S,10,0,0,,,Pharmaceuticals
BENYLIN DAYTIME FLU TAB,46.6,0,0,,,Tablets & Capsules
EFPAC JNR,9.3,0,0,,,Pharmaceuticals
FEKKO SPRAY STARCH,20.8,0,0,,,Sprays & Inhalers
PHARMADERM SOAP 3X,4.68,0,0,,,Personal Care
COLGATE CHARCOAL 75ML,15,0,0,,,Dental Care
SHOWER SHAMPOO(PRO SPORT),29,0,0,,,Personal Care
PAMPERS 12-15KG 5,12,0,0,,,Baby & Personal Care
PANADOL CHILDRENS SYR 5-12YRS,58,0,0,,,Syrups & Suspensions
SMA GOLD 1 400G,65,0,0,,,Pharmaceuticals
M2 TONE,78,0,0,,,Pharmaceuticals
PROSTEEZ,31,0,0,,,Pharmaceuticals
VIGOMAX FORTE,37.7,0,0,,,Pharmaceuticals
DETTOL SKINCARE HAND WASH(250ML),13,0,0,,,Personal Care
INTAVITA CAPS,34,0,0,,,Tablets & Capsules
OVACARE TAB,36.5,0,0,,,Tablets & Capsules
CANDID - B 15G CREAM,11.21,0,0,,,Creams & Ointments
RELCER GEL 180ML,14.5,0,0,,,Creams & Ointments
MYCOLEX CREAM 20G,19.5,0,0,,,Creams & Ointments
ASTYFER SYR,18.5,0,0,,,Pharmaceuticals
ASTYMIN C DROPS,17,0,0,,,Drops
NEUROBION TAB (PAC),59.6,0,0,,,Tablets & Capsules
PANADOL EXTRA TAB 24S(PER STRIP),22.1,0,0,,,Tablets & Capsules
FIESTA LUB (40ML),26,0,0,,,Pharmaceuticals
COOL EYES 10ML,14.9,0,0,,,Pharmaceuticals
ADINKRA HERBAL MIXTURE,10,0,0,,,Pharmaceuticals
ALKA SELTZER PER SACHET,5.2,0,0,,,Pharmaceuticals
AMCOF ADULT SYR,9,0,0,,,Pharmaceuticals
ANKLE SUPPORT,42,0,0,,,Pharmaceuticals
ANUSOL OINT 25G,40.5,0,0,,,Creams & Ointments
APETATRUST TABS,6.5,0,0,,,Tablets & Capsules
APP HAND SANITIZER,6,0,0,,,Pharmaceuticals
APTAMIL 3 (400G),70,0,0,,,Pharmaceuticals
ASCORYL VIT C SYRUP,12,0,0,,,Syrups & Suspensions
BECOATIN SYRUP,11.7,0,0,,,Syrups & Suspensions
BIG BEN,34,0,0,,,Pharmaceuticals
CELL GEVITY,136,0,0,,,Pharmaceuticals
CIROTAMIN CAPS,13,0,0,,,Tablets & Capsules
COA-F MIXTURE,130,0,0,,,Pharmaceuticals
CORORANGE SYR 200ML,10.2,0,0,,,Syrups & Suspensions
DAKTARIN CREAM 15G,26,0,0,,,Creams & Ointments
DIABETONE TABS UK,51,0,0,,,Tablets & Capsules
DIAGELLATES ELIXIR 500ML,45,0,0,,,Creams & Ointments
DIFLUCAN CAP (150MG),200,0,0,,,Pharmaceuticals
DIPHEX COUGH SYRUP 100ML,10,0,0,,,Syrups & Suspensions
DOVE FRESH TOUCH SOAP,7,0,0,,,Personal Care
E PANOL SYRUP,6,0,0,,,Syrups & Suspensions
BABY COUGH LINCTUS(ECL),6.6,0,0,,,Pharmaceuticals
ELAN LIQUID SOAP S/S( 400ML),7.5,0,0,,,Personal Care
ELAN SOFTNER 2.5L,28,0,0,,,Pharmaceuticals
EMGIKOF-D SYR,6,0,0,,,Pharmaceuticals
EMGIKOF-S SYR,7.5,0,0,,,Pharmaceuticals
ENACEF SUSP 125MG,18.7,0,0,,,Syrups & Suspensions
ENACEF 500MG PER TAB,3.9,0,0,,,Tablets & Capsules
ENAMYCIN SUSP,10.6,0,0,,,Syrups & Suspensions
EZIPEN PER STRIP,3,0,0,,,Pharmaceuticals
FEROGLOBIN PLUS SYR,112,0,0,,,Pharmaceuticals
FERROLEX SYR 200ML,15.5,0,0,,,Syrups & Suspensions
FLUCLOXACILLIN 500MG(EXERTER),37,0,0,,,Pharmaceuticals
FRANKO HERBAL,19.5,0,0,,,Pharmaceuticals
GEN-M SUSP 60ML,25.5,0,0,,,Syrups & Suspensions
GINSOMIN EVE,2.7,0,0,,,Pharmaceuticals
GLOVES,60,0,0,,,Medical Supplies
GO COUGH EXPETORANT 125ML,6,0,0,,,Pharmaceuticals
GOLDY MALARIA SUSP,11.7,0,0,,,Syrups & Suspensions
GUDAPET SYRUP ENTRANCE,9.5,0,0,,,Syrups & Suspensions
HAEMATOVITE SYR 200MLS,8,0,0,,,Syrups & Suspensions
HAEMO FORTE SYR 200ML,24.5,0,0,,,Syrups & Suspensions
HEPTO PEP SYR 200ML,20.8,0,0,,,Syrups & Suspensions
IDEOS TAB PER PAC,84.5,0,0,,,Tablets & Capsules
INFACOL DROP,48.5,0,0,,,Drops
K- BALM,4,0,0,,,Pharmaceuticals
KINGDOM GINGSENG,18,0,0,,,Pharmaceuticals
KOFFEX JUNIOR,7.8,0,0,,,Pharmaceuticals
LAWSON HERBAL MIXTURE,14,0,0,,,Pharmaceuticals
LEENA CAPS,5.5,0,0,,,Tablets & Capsules
LINCTUS JUNIOR,4,0,0,,,Pharmaceuticals
LIVERTONE SYR 200ML,8,0,0,,,Syrups & Suspensions
LIVOLIN FORTE,58.5,0,0,,,Pharmaceuticals
LUMETRUST 60ML,12.5,0,0,,,Family Planning
LUZATIL TAB (20/120MG),8.5,0,0,,,Tablets & Capsules
LYDIA DAILY ORAL PILL PER PAC,2.5,0,0,,,Pharmaceuticals
MAGACID PLUS SUSP,12,0,0,,,Syrups & Suspensions
MAN UP,169,0,0,,,Pharmaceuticals
MASADA MIXTURE,15,0,0,,,Pharmaceuticals
MAXITROL EYE OINT,24.4,0,0,,,Creams & Ointments
MENOPACE CAPS (INDIA),32,0,0,,,Tablets & Capsules
MENSTAK,3.3,0,0,,,Pharmaceuticals
MENTHOX JNR SYR,8,0,0,,,Pharmaceuticals
METRO-Z SUSP,7.8,0,0,,,Syrups & Suspensions
MIST POT CIT,6.5,0,0,,,Pharmaceuticals
NAN 2 COMFORT,48,0,0,,,Baby Nutrition
NANA PA GARLIC BITTERS,12,0,0,,,Pharmaceuticals
OSTEOCARE TAB (INDIA),13,0,0,,,Tablets & Capsules
PA- KUM CAPSULES,15,0,0,,,Tablets & Capsules
PALM OLIVE NEW 500ML,24,0,0,,,Pharmaceuticals
PARACETAMOL 500MG TAB WOCKHARDT,8,0,0,,,Tablets & Capsules
PARACETAMOL SYR(PHARMANOVA),6,0,0,,,Pharmaceuticals
PARACETAMOL SYRUP(ENTRANCE),4.66,0,0,,,Syrups & Suspensions
PARAMOL SYR,6,0,0,,,Pharmaceuticals
"PERFECTIL TRIPPLE ACTIVE(SKIN, HAIR, NAILS)",89.5,0,0,,,Pharmaceuticals
PREGNACARE BREASTFEEDING,138.5,0,0,,,Pharmaceuticals
PROCOMIL SPRAY,55.86,0,0,,,Sprays & Inhalers
PROSTAFIT CAPS,24,0,0,,,Tablets & Capsules
PROSTAT 60 10S,39,0,0,,,Pharmaceuticals
RESCOFER SYR 200ML,27.5,0,0,,,Syrups & Suspensions
SALBUTALIN SYRUP,6.62,0,0,,,Syrups & Suspensions
SIVODERM 80G,9,0,0,,,Pharmaceuticals
SOFTCARE PANT XL,26,0,0,,,Pharmaceuticals
SOLAK HERBAL MIXTURE,20,0,0,,,Pharmaceuticals
SPARNISH GARLIC CAPS,35,0,0,,,Tablets & Capsules
STOMACAINE SUSP 200ML,19.5,0,0,,,Syrups & Suspensions
STOPKOF COLD&CATARRH SYR,10.8,0,0,,,Pharmaceuticals
TINATETT VENECARE,32,0,0,,,Pharmaceuticals
ULCER PLEX,12.9,0,0,,,Pharmaceuticals
SPARNISH U-TURN CAPS,15,0,0,,,Tablets & Capsules
VENTOLIN INHALER,61.5,0,0,,,Sprays & Inhalers
VIT E 400IU ZANZA,28.5,0,0,,,Pharmaceuticals
VITANE ORAL TONIC (200ML),71,0,0,,,Pharmaceuticals
WELLTEEN(HER/HIM),54,0,0,,,Pharmaceuticals
YAZZ PANTY LINER,7.5,0,0,,,Pharmaceuticals
ZAHARA MEN CAPS,18,0,0,,,Tablets & Capsules
ZIIPMAN CAPS,18,0,0,,,Tablets & Capsules
ZINC OXIDE CREAM,7,0,0,,,Creams & Ointments
ZINCOLAC B CAP,1.7,0,0,,,Vitamins & Supplements
ZINCOVIT DROPS,12.5,0,0,,,Drops
ZINCOVIT SYRUP 200ML,22.5,0,0,,,Syrups & Suspensions
ZINCOVIT TABLETS,31,0,0,,,Tablets & Capsules
BRAIN WISE SYR (150ML),65.8,0,0,,,Syrups & Suspensions
ZUBES EXTRA STRONG,22,0,0,,,Pharmaceuticals
ZUDREX,5,0,0,,,Pharmaceuticals
ZURION,71.5,0,0,,,Pharmaceuticals
BIC 1 SHAVE STICK,9,0,0,,,Grooming
DEEP FREEZE SPRAY (150ML),68.5,0,0,,,Sprays & Inhalers
DEEP HEAT 35G,34.2,0,0,,,Pharmaceuticals
BELLS CALAMINE LOTION B.P 100ML,13.7,0,0,,,Lotions
3CP ANTISPETIC 100ML,18.2,0,0,,,Pharmaceuticals
OLFEN GEL 20G,20,0,0,,,Creams & Ointments
BORGES CIDER VINEGAR 250ML,12.5,0,0,,,Pharmaceuticals
EPIDERM CREAM SHALINA 30G,8,0,0,,,Creams & Ointments
BC 56 CREAM 50G,45.5,0,0,,,Creams & Ointments
FUNBACT A 30G,10.7,0,0,,,Pharmaceuticals
V-FRIM 30G,22.61,0,0,,,Pharmaceuticals
BELLS OLIVE OIL,5,0,0,,,Pharmaceuticals
DEPP HEAT SPRAY 150ML,55,0,0,,,Sprays & Inhalers
DREZ SOLUTION 100ML,33.5,0,0,,,Pharmaceuticals
EUSOL LOTION,4,0,0,,,Lotions
LEORUB GEL (30G),7,0,0,,,Creams & Ointments
VICKS VAPORUB 50G,32.5,0,0,,,Pharmaceuticals
MYCOLEX POWDER 50G,30,0,0,,,Pharmaceuticals
JOHNSON BABY POWDER 200G,18,0,0,,,Pharmaceuticals
B COMPLEX STRONG TABS (KRKA),42,0,0,,,Tablets & Capsules
CLOTRI-DENK VAGINAL TAB,38.5,0,0,,,Tablets & Capsules
IROVIT DROPS,32.3,0,0,,,Drops
IMPERIAL LEATHER BATH SOAP,8,0,0,,,Personal Care
AQUAFRESH BIG TEETH 6-8 50ML,9,0,0,,,Pharmaceuticals
BONJELA TEETHING GEL(KIDS),47.8,0,0,,,Creams & Ointments
SEVEN SEAS SYRUP S/S100ML,44.2,0,0,,,Syrups & Suspensions
MINADEX MULTIVIT SYR (100ML),40.3,0,0,,,Syrups & Suspensions
KILLIT INSECT SPRAY SMALL,18,0,0,,,Sprays & Inhalers
KILLIT MOSQ SPRAY BIG SIZE,30,0,0,,,Sprays & Inhalers
LACTULOSE 300ML,38.6,0,0,,,Pharmaceuticals
CHILDREN COUGH SYR (BELLS),17.5,0,0,,,Syrups & Suspensions
MIGHTY POWER TONIC 300ML,15.8,0,0,,,Pharmaceuticals
VALUPAK MULTI VITAMIN AND IRON 50 CAPS,14.02,0,0,,,Tablets & Capsules
K - Y GEL 82G,55.5,0,0,,,Creams & Ointments
LACTULOSE 500ML,55.9,0,0,,,Pharmaceuticals
TEARS NATURALE II,32.5,0,0,,,Pharmaceuticals
FLAGYL SUSP ORIGINAL,51,0,0,,,Syrups & Suspensions
NORMO-TEARS,18,0,0,,,Pharmaceuticals
COLGATE 2-5 50ML TPASTE,8,0,0,,,Dental Care
COLGATE T/P 95G(CLEAN MINT),13.6,0,0,,,Dental Care
COLGATE T/P 95G (ADVACED WHITENING),17.5,0,0,,,Dental Care
"LACTOGEN 400G 1, 2 & 3",36,0,0,,,Baby Nutrition
ALWAYS PAD VALUE PACK (DREAMZZ),17.5,0,0,,,Baby & Personal Care
JOHNSON BABY OIL 500ML,30,0,0,,,Pharmaceuticals
DOVE SPRAY,21,0,0,,,Sprays & Inhalers
NAT B,68.5,0,0,,,Pharmaceuticals
ALKA -5 SYRUP 100ML,48,0,0,,,Syrups & Suspensions
PILEX TAB HAMALAYA,45.5,0,0,,,Tablets & Capsules
CORORANGE DROPS,7,0,0,,,Drops
METROLEX -F SUSP,25,0,0,,,Syrups & Suspensions
LUEX CHILDREN CHESTY COUGH,20,0,0,,,Pharmaceuticals
INFA-V OINTMENT 30G,28.6,0,0,,,Creams & Ointments
SUPIROCIN 15G,35.19,0,0,,,Pharmaceuticals
SUCRAFIL O GEL 100ML,29.3,0,0,,,Creams & Ointments
VITAFORCE SYR 200ML,19.5,0,0,,,Syrups & Suspensions
FUMET SUSP 60ML,5.5,0,0,,,Syrups & Suspensions
PROMAN -EXETER,42.52,0,0,,,Pharmaceuticals
CLOSE UP DEEP ACTION 160G RED,7,0,0,,,Pharmaceuticals
SENSODYNE COMPLETE PASTE 75ML,19.5,0,0,,,Dental Care
OPTIMOL EYE DROP,21.28,0,0,,,Drops
ACTIVATED CHARCOAL,12,0,0,,,Pharmaceuticals
ADOM KOO CAPS,21,0,0,,,Tablets & Capsules
AGBEVE TONIC,16.5,0,0,,,Pharmaceuticals
AMCOF JNR SYR,11,0,0,,,Pharmaceuticals
AMOXYLEX SUSP (LUEX),6.5,0,0,,,Syrups & Suspensions
ANGEL HERBAL MIXTURE,11,0,0,,,Creams & Ointments
APETAMIN SYR,36,0,0,,,Pharmaceuticals
ARZIGLOBIN SYR 200ML,10,0,0,,,Syrups & Suspensions
ASIKAFO) GENTLEMEN CAPSULES,18.62,0,0,,,Tablets & Capsules
ASTYMIN C CAPS,26,0,0,,,Tablets & Capsules
ASTYMIN SYR 200ML,31,0,0,,,Syrups & Suspensions
BIG MAN CAPS,15,0,0,,,Tablets & Capsules
CAMEL 250ML,18,0,0,,,Pharmaceuticals
CORORANGE CAPS,10.7,0,0,,,Tablets & Capsules
DAY NURSE SYR,54.6,0,0,,,Pharmaceuticals
DOMINION POWDER,71.5,0,0,,,Pharmaceuticals
DREZ-V GEL 30G,27.5,0,0,,,Creams & Ointments
DUFENAC 75 PER PAC,16.3,0,0,,,Pharmaceuticals
ENAFIX SUSPENSION 100MG,25,0,0,,,Syrups & Suspensions
EVECARE CAPS,50,0,0,,,Tablets & Capsules
FEROGLIBIN SYR (B/S) FAMILY SIZE,130,0,0,,,Syrups & Suspensions
FLAGENTYL 500MG,37,0,0,,,Pharmaceuticals
FLUXAMOX SUSP,14,0,0,,,Syrups & Suspensions
FRICKS COUGH SYRUB WITH ADULSA,8.78,0,0,,,Pharmaceuticals
GACET-125 SUPPO,0.88,0,0,,,Pharmaceuticals
GANA BALM S/S,6,0,0,,,Pharmaceuticals
GR- PARA SYR 100ML,5,0,0,,,Syrups & Suspensions
HUICHUN CAPS,29,0,0,,,Tablets & Capsules
HYDROCORTISONE CREAM UK,26,0,0,,,Creams & Ointments
INFA V PESSARY,32.5,0,0,,,Pharmaceuticals
JOHNSON BABY OIL 200ML,15,0,0,,,Pharmaceuticals
KEL 360,8,0,0,,,Pharmaceuticals
KEL KID,10.5,0,0,,,Pharmaceuticals
KINGDOM GARLIC BITTERS,19,0,0,,,Pharmaceuticals
KOFOF CHEST FAMILY,7,0,0,,,Pharmaceuticals
LONART SUSP 20/120 60ML,18,0,0,,,Syrups & Suspensions
LUBRI MAX GEL 70G,25,0,0,,,Creams & Ointments
LUEX NIGHT TIME ADULT,19.5,0,0,,,Pharmaceuticals
MALAR 2 FORTE 12S,14,0,0,,,Pharmaceuticals
MAXMOX SUSP 100,7,0,0,,,Syrups & Suspensions
MENTAT SYRUP 100ML,37.5,0,0,,,Syrups & Suspensions
MENTAT TAB(HIMALAYA),42,0,0,,,Tablets & Capsules
MENTHOX ADULT SYRUP,9.5,0,0,,,Syrups & Suspensions
MEPACID-20 PER STRIP,1.5,0,0,,,Pharmaceuticals
MILK OF MAGNESIA 360,21,0,0,,,Baby Nutrition
MIM DROPS,7.2,0,0,,,Drops
NEXCOFER CAPS,9.5,0,0,,,Tablets & Capsules
NIZORAL 15G CREAM,34.5,0,0,,,Creams & Ointments
NOSE MASK (KIDS) PER PAC,15,0,0,,,Pharmaceuticals
OLBAS INHALER,20,0,0,,,Sprays & Inhalers
OMEGA-H3 PER STRIP,10.8,0,0,,,Vitamins & Supplements
PARACETAMOL SYR (ARTON),5,0,0,,,Syrups & Suspensions
PILIEF CAPS,26,0,0,,,Tablets & Capsules
POLYGEL SYR (200ML),9.5,0,0,,,Syrups & Suspensions
PROSTACURE TEA,26,0,0,,,Pharmaceuticals
RENERVE PLUS,190,0,0,,,Pharmaceuticals
RES Q SYRUP,11.5,0,0,,,Syrups & Suspensions
ROPHELIN SYR 100ML,39,0,0,,,Syrups & Suspensions
SALBUTAMOL INHALER (0.1MG,22,0,0,,,Sprays & Inhalers
SAMALIN ADULT (NON-DROWSY),9.5,0,0,,,Pharmaceuticals
DICLOFENAC SANDOZ 75 PER STRIP,16,0,0,,,Pharmaceuticals
SCIMETHER ORANGE 15MG+90MG,18.9,0,0,,,Pharmaceuticals
SEFLOX EYE/EAR DROPS 10ML,7.32,0,0,,,Drops
SEVEN SEAS COD LIVER OIL CAPS (GELATIN FREE),76.5,0,0,,,Tablets & Capsules
SIBI MALACURE MIXTURE,14,0,0,,,Pharmaceuticals
SULPHUR SOAP (100G),19.5,0,0,,,Personal Care
SURE ROLL ON 50ML,13,0,0,,,Fragrances
TEETHING MIXTURE (ECL),12.2,0,0,,,Pharmaceuticals
TIGER DELAY SPRAY,29,0,0,,,Sprays & Inhalers
TREX-ORIX FORTE ORAL SOL -250ML,31.5,0,0,,,Pharmaceuticals
VIAGRA PER TAB 50MG,62.5,0,0,,,Tablets & Capsules
VISCOF D,17,0,0,,,Pharmaceuticals
VITAMIN C SYR BELLS,25,0,0,,,Syrups & Suspensions
WELLMAN MAX CAPS,182.5,0,0,,,Tablets & Capsules
WHITFIELD OINTMENT,9,0,0,,,Creams & Ointments
WRIGHTS SOAP,7.32,0,0,,,Personal Care
YAFO KOO CAPS,17,0,0,,,Tablets & Capsules
ZINVITE SYRUP,10.21,0,0,,,Syrups & Suspensions
PROSTACURE X TAB,38,0,0,,,Tablets & Capsules
3CP ANTISPETIC 200ML,28.3,0,0,,,Pharmaceuticals
SWEETEX 700TABLETS,24,0,0,,,Tablets & Capsules
DEEP HEAT 100G,37,0,0,,,Pharmaceuticals
DEEP HEAT 67G,23.5,0,0,,,Pharmaceuticals
EPIDERM CREAM SHALINA 15G,5,0,0,,,Creams & Ointments
DIPROSON LOTION,7.7,0,0,,,Lotions
MYCOLEX 3 CREAM 30MG,22,0,0,,,Creams & Ointments
BORGES APPLE CIDER VINEGAR L/S,15.6,0,0,,,Pharmaceuticals
CANDIBIOTIC EAR DROP 5ML,31,0,0,,,Drops
DAKTACORT CREAM 15G,31.8,0,0,,,Creams & Ointments
DREZ POWDER 10G,12,0,0,,,Pharmaceuticals
HYDROGEN PEROXIDE 200ML ECL,8.7,0,0,,,Pharmaceuticals
KLIRE CREAM(TRIPPLE ACTION),9.5,0,0,,,Creams & Ointments
LEXSPORIN OINTMENT,30,0,0,,,Creams & Ointments
GYNO-MYCOLEX 400MG,35,0,0,,,Pharmaceuticals
NORMAL SALINE DROP(SANA),3.6,0,0,,,Drops
VITAFOL,14,0,0,,,Pharmaceuticals
JOHNSON BABY POWDER 500G,28,0,0,,,Pharmaceuticals
AMOKSIKLAV 457,35.8,0,0,,,Pharmaceuticals
ALWAYS DOUBBLE PACK PAD(MAXI THICK),20,0,0,,,Baby & Personal Care
ORAL-B PRO HEALTH(FAMILY SIZE),14,0,0,,,Pharmaceuticals
EUTHYMOL TOOTHPASTE 75ML,27,0,0,,,Dental Care
ZOFLORA DISINFECTANT,15,0,0,,,Pharmaceuticals
WET N WILD EXT LUB,13,0,0,,,Pharmaceuticals
FEROGLOBIN CAPS B12,69.5,0,0,,,Tablets & Capsules
PREGNACARE CONCEPTION,73,0,0,,,Pharmaceuticals
VALUPAK EVENING PRIMROSE OIL 30 CPS,20.6,0,0,,,Pharmaceuticals
BEEHIVE BALSAM (200ML),27.5,0,0,,,Pharmaceuticals
COLGATE T/BRUSH KIDS 2-5YRS,7,0,0,,,Dental Care
SAVLON ANTISEPTIC 125ML,15,0,0,,,Pharmaceuticals
SAVLON ANTISPETIC 500ML,32.5,0,0,,,Pharmaceuticals
BENYLIN 4 FLU 100ML,44,0,0,,,Pharmaceuticals
DETTOL SOAP 100G,8,0,0,,,Personal Care
RUBBING ALCOHOL 1 L,28.6,0,0,,,Pharmaceuticals
ADOM W&G CAPSULES,21.5,0,0,,,Tablets & Capsules
CHOCHO SOAP NATURAL BEAUTY (110G),5,0,0,,,Personal Care
VIKIL 20,33,0,0,,,Pharmaceuticals
OTRIVIN ADULTS NASAL DROPS,36.2,0,0,,,Drops
MADAR ZONE 500ML,6,0,0,,,Pharmaceuticals
NOSTAMINE EYE/NOSE DROPS,20,0,0,,,Drops
JOZZY KIDS(PASTE ONLY),6.5,0,0,,,Dental Care
TOBRADEX EYE DROP,17,0,0,,,Drops
EXETOMOL EYE DROPS 5%,6.5,0,0,,,Drops
BIOFERON CAPS,31,0,0,,,Tablets & Capsules
APDYL H 100ML,13,0,0,,,Pharmaceuticals
NURIFER JUNIOR SYRUP 100ML,13,0,0,,,Syrups & Suspensions
LIV.52 SYRUP 100ML HIMALAYA,35.5,0,0,,,Syrups & Suspensions
HAEMUP 200ML,22,0,0,,,Pharmaceuticals
GOGYNAX CREAM,8,0,0,,,Creams & Ointments
LUEX ADULT DRY COUGH SYRUP,21,0,0,,,Syrups & Suspensions
KOFOF BABY SYR,6.5,0,0,,,Pharmaceuticals
ACLOTAS 100MG [ACECLOFENAC],6.5,0,0,,,Pharmaceuticals
BG GLUTAMIN PLUS,19,0,0,,,Pharmaceuticals
EXOCLAV 228 SUSP,21,0,0,,,Syrups & Suspensions
CROMAX -2 EYE DROPS,30.6,0,0,,,Drops
ACICLOVIR CREAM(VIRASORB),13,0,0,,,Creams & Ointments
ACTIVATED CHARCOAL S/S,8,0,0,,,Pharmaceuticals
AGBEVE PEVAH,16.3,0,0,,,Pharmaceuticals
AMOXICILLIN SUSP (LETAP),3,0,0,,,Syrups & Suspensions
ASCORYL PLUS SYR (M G P),10.9,0,0,,,Syrups & Suspensions
BENYLIN 4 FLU 200ML,53.5,0,0,,,Pharmaceuticals
BODY SPLASH,28,0,0,,,Pharmaceuticals
COARTEM 20/120 18S,27.27,0,0,,,Pharmaceuticals
COARTEM 80/480,78.5,0,0,,,Pharmaceuticals
COARTEM D 20/120MG 12S,32.5,0,0,,,Pharmaceuticals
COLDIRON SYR 125ML,12,0,0,,,Syrups & Suspensions
CONTRA-72,6,0,0,,,Pharmaceuticals
COTTON WOOL 50G,5.5,0,0,,,Pharmaceuticals
C-PHENIRAMINE SYR,6,0,0,,,Pharmaceuticals
DANRUB,7,0,0,,,Pharmaceuticals
DIPHEX JUNIOR,8,0,0,,,Pharmaceuticals
DUROL ADULT 300ML SYR,16.2,0,0,,,Pharmaceuticals
DUROL TONIC 200ML,12,0,0,,,Pharmaceuticals
DYNEWELL LETAP SYRUP,6.5,0,0,,,Syrups & Suspensions
ENTRALYN BABY 100ML,7.5,0,0,,,Pharmaceuticals
FAULTLESS SPRAY STARCH,16,0,0,,,Sprays & Inhalers
FAYTEX PAD,13,0,0,,,Baby & Personal Care
FERRODEX SYR,7,0,0,,,Pharmaceuticals
FINELIFE TONIC,8.5,0,0,,,Pharmaceuticals
FOLIGROW CAPS,19.5,0,0,,,Tablets & Capsules
GLO POWER CAPS,14.5,0,0,,,Tablets & Capsules
GOGYNAX PESS,4.7,0,0,,,Pharmaceuticals
HISTAZINE SYRUP,6,0,0,,,Syrups & Suspensions
IBEX CAPS,20,0,0,,,Tablets & Capsules
IMODIUM,16,0,0,,,Pharmaceuticals
JARIFAN 2 CAPS,13.5,0,0,,,Tablets & Capsules
JARIFAN 2 SYR,14,0,0,,,Pharmaceuticals
JOY OINTMENT 40G,6.5,0,0,,,Creams & Ointments
KINGDOM GARLIC CAPS,21,0,0,,,Tablets & Capsules
KOFFEX ADULT EXP,10,0,0,,,Pharmaceuticals
KOFOF SUPRESANT CHILD,4.79,0,0,,,Pharmaceuticals
LUCKY V CARE,25,0,0,,,Pharmaceuticals
MAGIC SHAVING POWDER 142G,24,0,0,,,Pharmaceuticals
MALIN LOZ,4,0,0,,,Pharmaceuticals
MERCY OINT TUBE 32G,5.6,0,0,,,Creams & Ointments
MERCY OINTMENT 80G,10.6,0,0,,,Creams & Ointments
METRONIDAZOLE 400MG(EXERTER),12,0,0,,,Pharmaceuticals
MIGTHY POWER 500ML,15,0,0,,,Pharmaceuticals
NEO-HYCOLEX 10ML,28.6,0,0,,,Pharmaceuticals
NESTERIX FORTE SYR,15.5,0,0,,,Pharmaceuticals
NOSE MASK(ADULT)PER PAC,12,0,0,,,Pharmaceuticals
NOVAFEN 60ML,6.52,0,0,,,Pharmaceuticals
ORAL B FAMILY SIZE,7,0,0,,,Dental Care
PARAKING SYR,7,0,0,,,Pharmaceuticals
PROSTAJOY CAPS,37.5,0,0,,,Tablets & Capsules
RES Q TAB,4,0,0,,,Tablets & Capsules
SAVLON 250ML,23,0,0,,,Pharmaceuticals
SIVODERM POWDER,7,0,0,,,Pharmaceuticals
SPARNISH GARLIC MIXTURE,24,0,0,,,Pharmaceuticals
SULPHUR OINTMENT,7,0,0,,,Creams & Ointments
TATAHWE,10,0,0,,,Pharmaceuticals
TINATETT MALAKARE 500ML,22,0,0,,,Pharmaceuticals
TRES-ORIX FORTE S/S,16.5,0,0,,,Pharmaceuticals
VALUPAK VIT E 400IU,35.6,0,0,,,Pharmaceuticals
VICKS INHALER,23,0,0,,,Sprays & Inhalers
VISCOF,17,0,0,,,Pharmaceuticals
VOLTAREN RETARD 100MG PER TAB,4.5,0,0,,,Tablets & Capsules
WARFARIN 5MG,15.6,0,0,,,Pharmaceuticals
WELLKID MULTI SYR,80.5,0,0,,,Pharmaceuticals
ZINCOFER SYR,21.5,0,0,,,Vitamins & Supplements
ZYFEN 120MG,19.5,0,0,,,Pharmaceuticals
TCP LIQUID ANTI 50ML,47,0,0,,,Pharmaceuticals
LEOPARD BALM 30G,11,0,0,,,Pharmaceuticals
TRANGEL-P ULTRA 20G,7,0,0,,,Creams & Ointments
BELLS OLIVE OIL ORIGINAL,15.6,0,0,,,Pharmaceuticals
CLEAR INHALER,3.5,0,0,,,Sprays & Inhalers
DREZ OINT 10G,11,0,0,,,Creams & Ointments
HYDROGEN PEROXIDE 200ML(BELLS),14.5,0,0,,,Pharmaceuticals
KAMACLOX MOUTH WASH 300ML,11,0,0,,,Personal Care
NIFEDIPINE 20MG CARDITAS PER STRIP,1.9,0,0,,,Pharmaceuticals
PLASTER 2,9,0,0,,,Medical Supplies
PLASTER 1,4,0,0,,,Medical Supplies
IRISH SPRING SHOWER GEL,35,0,0,,,Creams & Ointments
RHINATHIOL - 125ML 2% KIDS,27.5,0,0,,,Pharmaceuticals
ORAL B PRO-HEALTH 93G,10,0,0,,,Dental Care
POSTINOR -2 ORIGINAL,37.7,0,0,,,Pharmaceuticals
PROMIZEL SYR,4.8,0,0,,,Pharmaceuticals
HEAVEN SPRAY PLUS BIG,27.5,0,0,,,Sprays & Inhalers
LIVING BITTERS TONIC,25,0,0,,,Pharmaceuticals
CHOCHO ABS SOAP (100G),5,0,0,,,Personal Care
ABONIKI BALM,6.5,0,0,,,Pharmaceuticals
DEXATROL 5GM OINT,15.8,0,0,,,Creams & Ointments
D-ARTEPP 60/480MG,33.5,0,0,,,Pharmaceuticals
COLGATE T/P HERBAL S/S (70G),5,0,0,,,Dental Care
COLGATE HERBAL T/P(VALUE PACK),12,0,0,,,Dental Care
MAGIC CREAM SHAVE,30,0,0,,,Creams & Ointments
BIOFERON 200ML SYRUP,33.5,0,0,,,Syrups & Suspensions
BONNISAN HIMALAYA,25,0,0,,,Pharmaceuticals
MYCOSTAT 150MG,6.5,0,0,,,Pharmaceuticals
ASTHALEX SYR 100ML,8,0,0,,,Syrups & Suspensions
KIDICARE SYRUP 200ML,18.5,0,0,,,Syrups & Suspensions
APETI SYRUP 200ML,16.5,0,0,,,Syrups & Suspensions
BONAPLEX SYR 250ML,24.6,0,0,,,Syrups & Suspensions
KIDICS SYRUP,12.5,0,0,,,Syrups & Suspensions
EXOCLAV 457 SUSP,28.5,0,0,,,Syrups & Suspensions
PEPSODENT CHARCOAL,9,0,0,,,Pharmaceuticals
ABC VIT C +ZINC SYR,8,0,0,,,Vitamins & Supplements
AGBEVE BALM,5,0,0,,,Pharmaceuticals
ALAFOID,10,0,0,,,Pharmaceuticals
AMOVULIN 457,20,0,0,,,Pharmaceuticals
ANGEL CREAM,5,0,0,,,Creams & Ointments
ARZIGLOBIN PLUS SYR,11,0,0,,,Pharmaceuticals
ASCOVIT CEE SYR 100ML,9.8,0,0,,,Syrups & Suspensions
ASTYFER CAPS,23.5,0,0,,,Tablets & Capsules
CETAPOL PM,10,0,0,,,Pharmaceuticals
CHILDCARE COUGH /COLD,4,0,0,,,Pharmaceuticals
CHLORAMPHENICOL EYE DROP,5,0,0,,,Drops
CITY BLOOD TONIC,10,0,0,,,Pharmaceuticals
CONGESTYL SYR,18.5,0,0,,,Pharmaceuticals
COTTON WOOL 25G,4,0,0,,,Pharmaceuticals
DEXORANGE PLUS 200ML,20,0,0,,,Pharmaceuticals
ENAFEN SUSP (BRUFEN),7,0,0,,,Syrups & Suspensions
FEROCLEAR TAB,17,0,0,,,Tablets & Capsules
FERROUS SULPHATE 28S,13,0,0,,,Pharmaceuticals
FRESH SPEARMINT MOUTH SPRAY,10,0,0,,,Sprays & Inhalers
GERICARE CAPS,15.6,0,0,,,Tablets & Capsules
GLADE AIR FRESHNER BLOCK,9.5,0,0,,,Pharmaceuticals
IMPRESSER CAPS,67.5,0,0,,,Tablets & Capsules
KEFROX SUSP,16,0,0,,,Syrups & Suspensions
KLIRE ANTACID 200ML,17.6,0,0,,,Pharmaceuticals
KLOVINAL PESSARY,30,0,0,,,Pharmaceuticals
MAJOR EPHEDRINE NASAL DROP,12,0,0,,,Drops
METRONIDAZOLE SUSP (M&G),4.5,0,0,,,Syrups & Suspensions
MILK OF MAGNESIA (LETAP),3,0,0,,,Baby Nutrition
MILK OF MAGNESIA S/S,8,0,0,,,Baby Nutrition
MILK OF MAGNESIA (PHILIPS),45,0,0,,,Baby Nutrition
MIST FAC,5,0,0,,,Pharmaceuticals
MR Q,6,0,0,,,Pharmaceuticals
MYCOCORT 20G,31.2,0,0,,,Pharmaceuticals
"NAN1,2,3 (OPTIPRO)",50,0,0,,,Pharmaceuticals
NUGEL O SUSP 200ML,27,0,0,,,Syrups & Suspensions
PROSTAVITE CAP,22.5,0,0,,,Pharmaceuticals
SALO FULVIN SUSP,12.8,0,0,,,Syrups & Suspensions
SECLEAR EYE DROP,11,0,0,,,Drops
SINOCARE STRIPS AND LANCETS,120,0,0,,,Pharmaceuticals
TAABEA CAPS,14,0,0,,,Tablets & Capsules
TETRACTCLINE EYE OINT (TROGE),4,0,0,,,Creams & Ointments
TIME HERBAL MIXTURE,19.5,0,0,,,Pharmaceuticals
TOBUFEN SUSP 100ML,7.5,0,0,,,Syrups & Suspensions
VAGINAX CREAM,7.5,0,0,,,Creams & Ointments
VIGORIX CAP,9,0,0,,,Pharmaceuticals
VIGORIX FORTE SYR (200ML),12,0,0,,,Syrups & Suspensions
ZINCOFER CAPS,21,0,0,,,Tablets & Capsules
ZIPFERON SYR,8,0,0,,,Pharmaceuticals
ZUDREX SUSP,9.5,0,0,,,Syrups & Suspensions
STOPKOF CHILD (BLUE),9,0,0,,,Pharmaceuticals
KETAZOL SHALINA 30G,10.5,0,0,,,Pharmaceuticals
DEMACOT CREAM,15.5,0,0,,,Creams & Ointments
DREZ OINT 30G,23,0,0,,,Creams & Ointments
LEXOTANIL 1.5MG PER TAB,2.36,0,0,,,Tablets & Capsules
LOSARTAS 50MG PER TAB,1.26,0,0,,,Tablets & Capsules
METHYLATED SPIRIT 100ML,4,0,0,,,Pharmaceuticals
NIVEA BODY LOTION VARIETY(400ML),34,0,0,,,Lotions
WELLMAN DRINK,11,0,0,,,Pharmaceuticals
CYPRODINE CAP,43,0,0,,,Pharmaceuticals
BX SYRUP 100ML,7,0,0,,,Syrups & Suspensions
LEVON 2,9.5,0,0,,,Pharmaceuticals
PEDIA SURE,13,0,0,,,Pharmaceuticals
ARTEMET ADULT (80/480),12,0,0,,,Pharmaceuticals
LUEX ADULT CHEST COUGH SYRUP,21,0,0,,,Syrups & Suspensions
AZILEX SUSP 200MG,23,0,0,,,Syrups & Suspensions
CLOSE UP DEEP ACTION RED 60G,4,0,0,,,Pharmaceuticals
VITACEE 500MG PER STRIP TABLET,27.5,0,0,,,Tablets & Capsules
FLUCOR NIGHT,16,0,0,,,Pharmaceuticals
AMUROX SUSP 125MG,21.6,0,0,,,Syrups & Suspensions
BUSCOMED TABS 10MG PER PAC,6.5,0,0,,,Tablets & Capsules
CAMEL 125ML,11,0,0,,,Pharmaceuticals
COLGATE MAXI CAVITY 140G,10,0,0,,,Dental Care
DOVE ARGAN SOAP,7,0,0,,,Personal Care
EAR BUD,5,0,0,,,Pharmaceuticals
GLADE AIR SPRAY,15,0,0,,,Sprays & Inhalers
GLO POWER SYR,16.5,0,0,,,Pharmaceuticals
GYPRONE PLUS SYR,11.7,0,0,,,Pharmaceuticals
HAEMOSOFT CAPS,23.5,0,0,,,Tablets & Capsules
IMBOOST MIXTURE,18.6,0,0,,,Pharmaceuticals
KIDIVITE 100ML,6,0,0,,,Pharmaceuticals
LONART FORTE 40/240MG TABS,14,0,0,,,Tablets & Capsules
LUFART SUSP,14.2,0,0,,,Syrups & Suspensions
MALIN ADULT SYR,9.5,0,0,,,Pharmaceuticals
MALIN JNR,8,0,0,,,Pharmaceuticals
METRONIDAZOLE SUSP LETAP,5,0,0,,,Syrups & Suspensions
MIST EXPECT SED,5.5,0,0,,,Pharmaceuticals
NIVEA LOTION 250ML,30,0,0,,,Lotions
NORVASC 10MGPER TAB,16.4,0,0,,,Tablets & Capsules
PAMPERS WIPES,12,0,0,,,Baby & Personal Care
PERMOXYL 125/5ML,8,0,0,,,Pharmaceuticals
POLYFER CAPSULES,7,0,0,,,Tablets & Capsules
SAMALIN ADULT COUGH,9.5,0,0,,,Pharmaceuticals
SAMALIN JNR NON DROWSY,10,0,0,,,Pharmaceuticals
X FERON CAPS,6.5,0,0,,,Tablets & Capsules
XFERON SYRUP 200ML,9.58,0,0,,,Syrups & Suspensions
SURFAZ SN CREAM,17,0,0,,,Creams & Ointments
KALAMINA LOTION 200ML,15.6,0,0,,,Lotions
METHYLATED SPIRIT 60ML,3,0,0,,,Pharmaceuticals
PAINGAY GEL,8.5,0,0,,,Creams & Ointments
ACTIVATED CHARCOAL PASTE,13,0,0,,,Dental Care
MORGANS ANTI BACT SOAP,9,0,0,,,Personal Care
IRISH SPRING SOAP ICY BLAST,6,0,0,,,Personal Care
TETMOSOL MED SOAP 75G,8,0,0,,,Personal Care
CIPROLEX 500MG TABLET,18.2,0,0,,,Tablets & Capsules
FOLIC ACID TAB (EXETER),9,0,0,,,Tablets & Capsules
ATORVASTATIN 20MG PER TAB TEVA,0.53,0,0,,,Tablets & Capsules
CALAMINE OINT,10,0,0,,,Creams & Ointments
GANA BALM L/S,20,0,0,,,Pharmaceuticals
GENTAMICIN EAR/EYE DROPS 0.3%,4.5,0,0,,,Drops
HAEMOGLOBIN -B12 AYRTON,6.2,0,0,,,Pharmaceuticals
KIDIMIN SYRUP,11,0,0,,,Syrups & Suspensions
LETAMOL SYR,4,0,0,,,Pharmaceuticals
LEXOFEN PLUS TAB PER STRIP,8,0,0,,,Tablets & Capsules
MAAME DAGOMBA OINTMENT,6,0,0,,,Creams & Ointments
MADAM CATHERINE TONIC,14,0,0,,,Pharmaceuticals
POLYFER FORTE SYRUP 200ML,13.5,0,0,,,Syrups & Suspensions
REXONA SPRAY 200ML,23,0,0,,,Sprays & Inhalers
ZIPFERON CAPS,7,0,0,,,Tablets & Capsules
LORD SHAVING BLADE,4,0,0,,,Pharmaceuticals
MEDISOFT REPELLENT,7.5,0,0,,,Pharmaceuticals
COMBACT-N,8,0,0,,,Pharmaceuticals
METHYLATED SPIRIT 200ML(ECL),10,0,0,,,Pharmaceuticals
PLASTER 3,13,0,0,,,Medical Supplies
FLUCONA-DENK 150,35,0,0,,,Pharmaceuticals
HUGGIES WIPES,11,0,0,,,Baby & Personal Care
CLEANSING CHARCOAL PASTE+BRUSH,15,0,0,,,Dental Care
SOFTCARE BABY WIPES 80PCS,15,0,0,,,Baby & Personal Care
ALWAYS PAD (DREAMZZ)7S,9,0,0,,,Baby & Personal Care
ARTEMET KIDS DISPERSIBLE (60/360),6.5,0,0,,,Pharmaceuticals
COMIT-50 PER TAB,3.6,0,0,,,Tablets & Capsules
BELLS TEETHING MIXTURE,35,0,0,,,Pharmaceuticals
COLDRILIF SYR,7,0,0,,,Pharmaceuticals
COTTON WOOL 100G,8,0,0,,,Pharmaceuticals
DOSTINEX 0.5MG,7.7,0,0,,,Pharmaceuticals
DRAGON 20MG PER TAB,6.8,0,0,,,Tablets & Capsules
EMGIFLOX SUSP 125,7,0,0,,,Syrups & Suspensions
GASTRONE SUSPENSION 200ML,18,0,0,,,Syrups & Suspensions
GLIMEPERIDE 4MG EXERTER PER TAB,0.65,0,0,,,Tablets & Capsules
HAEMOGLOBIN -B12 LETAP SYR,6,0,0,,,Pharmaceuticals
KEL CHARCOAL,15.5,0,0,,,Pharmaceuticals
NAPROX 500MG,10.2,0,0,,,Pharmaceuticals
NORMAL SALINE 0.9% LOCAL,7,0,0,,,Pharmaceuticals
NUGEL SUSP 200ML,25.5,0,0,,,Syrups & Suspensions
SALO COLD SYRUP,13,0,0,,,Syrups & Suspensions
SECURE PILL,5,0,0,,,Pharmaceuticals
VAGINAX PESS,4.5,0,0,,,Pharmaceuticals
ZUBES CHILDRENS COUGH SYRUP,14,0,0,,,Syrups & Suspensions
AUNTIE MARY GRIPE WATER,14.5,0,0,,,Pharmaceuticals
COARTEM 20/120MG 6S,19,0,0,,,Pharmaceuticals
COTTON 500G,19.5,0,0,,,Pharmaceuticals
GIVERS KOO CAPS,28,0,0,,,Tablets & Capsules
LENOR TABS 1.5MG,7,0,0,,,Tablets & Capsules
TAGERA FORTE TAB,9.5,0,0,,,Tablets & Capsules
GILLETTE 2,12,0,0,,,Grooming
DERMIRON-PLUS 30G,6,0,0,,,Pharmaceuticals
LOSARTAN 50MG TEVA PER STRIP,9.5,0,0,,,Pharmaceuticals
ALWAYS PAD VALUE PACK(ULTRA THIN),20,0,0,,,Baby & Personal Care
UNIDUS CONDOM,10.5,0,0,,,Family Planning
GOFEX 400,1.7,0,0,,,Pharmaceuticals
MANIX PER CAP,1.7,0,0,,,Pharmaceuticals
FLUREST COLD & FLU,25,0,0,,,Pharmaceuticals
ASCORBIN SYR,4,0,0,,,Pharmaceuticals
CREPE BANDAGE 2,4.7,0,0,,,Medical Supplies
EARNEST OINT,5,0,0,,,Creams & Ointments
HAEMOGLOBIN -B12 MGP 200ML,8.5,0,0,,,Pharmaceuticals
IBUCAP,3.7,0,0,,,Pharmaceuticals
LEVOBACT 500MG PER TAB,5.66,0,0,,,Tablets & Capsules
ORELOX 200MG TAB,12.8,0,0,,,Tablets & Capsules
PROXIMEXA 500MG PER TABLET,6.9,0,0,,,Tablets & Capsules
STAMLO 10MG PER TAB,2.1,0,0,,,Tablets & Capsules
TALGENTIS -20 PER TAB,3.5,0,0,,,Tablets & Capsules
ZITHROMAX 250MG CAPS,243,0,0,,,Tablets & Capsules
BIOVID FORTE PER STRIP,13.7,0,0,,,Pharmaceuticals
ENAPHAGE 500MG,0.6,0,0,,,Pharmaceuticals
GREAT GATSBY T/B (KIDS),1,0,0,,,Pharmaceuticals
NAZO PERFUME SULPHUR,3.2,0,0,,,Fragrances
VIT C +ZINC [EASYLIFE],30,0,0,,,Vitamins & Supplements
COLGATE T/BRUSH DOUBLE ACTION,4,0,0,,,Dental Care
COLGATE T/BRUSH(OPTIC WHITE),11,0,0,,,Dental Care
COLGATE T/BRUSH TWISTER,6,0,0,,,Dental Care
ESSENTIAL 27ML,10.5,0,0,,,Pharmaceuticals
ALWAYS SANITARY PAD,7,0,0,,,Baby & Personal Care
FLUCONAZOLE 150MG UK,10.5,0,0,,,Pharmaceuticals
TAABEA HERBAL MIXTURE,17,0,0,,,Pharmaceuticals
AMARYL 4MG PER TAB,7.9,0,0,,,Tablets & Capsules
IBUPROFEN 200MG CAP (GALPHARM) 16,8,0,0,,,Pharmaceuticals
LYDIA POSTPILL,11,0,0,,,Pharmaceuticals
COTTON 200G,13,0,0,,,Pharmaceuticals
PREGASAFE 75MG PER TAB,2.7,0,0,,,Tablets & Capsules
LOFNAC GEL,8,0,0,,,Creams & Ointments
NIFEDOSE TAB PER STRIP,1.3,0,0,,,Tablets & Capsules
NEXIUM 40 MG PER TAB,13.85,0,0,,,Tablets & Capsules
CLAVULIN 625MG TABLET,54.8,0,0,,,Tablets & Capsules
CLARITHROMYCIN TAB 500MG,3.9,0,0,,,Tablets & Capsules
CELEBREX 200MG PER TAB,12.25,0,0,,,Tablets & Capsules
NIVEA ROLL ON 50ML(ALL TYPES),15,0,0,,,Fragrances
AMOKSIKLAV 1000MG PER TABLET,6.2,0,0,,,Tablets & Capsules
DAFLON TAB,3.65,0,0,,,Tablets & Capsules
DOMI-30 PER SUPP,3,0,0,,,Pharmaceuticals
L MONTUS PER TAB (KIDS),2.4,0,0,,,Tablets & Capsules
MENTOS CHEWING GUM 18S,23,0,0,,,Pharmaceuticals
NEXIUM POWDER 10MG PER SAC,14.8,0,0,,,Pharmaceuticals
OVULATION TEST KIT,6.5,0,0,,,Pharmaceuticals
VOLTFAST 50MG PER SACHET,3,0,0,,,Pharmaceuticals
ROUGH RIDER CONDOM,13,0,0,,,Family Planning
LUCOZADE CAN ENERGY DRINK,7,0,0,,,Pharmaceuticals
ALUDROX TAB LETAP,1,0,0,,,Tablets & Capsules
GYPRONE PLUS TAB,2.5,0,0,,,Tablets & Capsules
GAUZE BANDAGE 6,2,0,0,,,Medical Supplies
CLARITYNE PER TAB,9.6,0,0,,,Tablets & Capsules
ATACAND 8MG PER TAB,8.2,0,0,,,Tablets & Capsules
CHOCOLATE KINGSBITE (50G),4.6,0,0,,,Pharmaceuticals
FLUCOR DAY,21,0,0,,,Pharmaceuticals
CREPE BANDAGE 3,5.5,0,0,,,Medical Supplies
FIESTA CONDOM,5.5,0,0,,,Family Planning
PANADOL EXTRA PER STRIP,13,0,0,,,Pharmaceuticals
SOFTCARE DIAPER M/S,16,0,0,,,Baby & Personal Care
ZULU-100,5,0,0,,,Pharmaceuticals
DYMOL 50/500MG,6,0,0,,,Pharmaceuticals
KISS CONDOM,3,0,0,,,Family Planning
DICLO-DENK 100 RECTAL,4,0,0,,,Pharmaceuticals
FLOTAC 75MG PER CAP,4.6,0,0,,,Pharmaceuticals
APETI TAB,3,0,0,,,Tablets & Capsules
ARTHROTEC 75MG PER TAB,4.9,0,0,,,Tablets & Capsules
CARZEPIN 200MG PER TAB,0.52,0,0,,,Tablets & Capsules
CLOMID 50MG TAB PER TAB,7.7,0,0,,,Tablets & Capsules
CREPE BANDAGE 4,3.7,0,0,,,Medical Supplies
DULCLOLAX PER SUPP,3.3,0,0,,,Pharmaceuticals
L MONTUS PER TAB (ADULT),4,0,0,,,Tablets & Capsules
LIMZER PER CAP,3,0,0,,,Pharmaceuticals
ZINNAT 500MG PER TABLET,17.62,0,0,,,Tablets & Capsules
DOXYCIL 100MG CAPSULES PER STRIP,4,0,0,,,Tablets & Capsules
GLUCOPHAGE 500MG TAB PER TAB,0.72,0,0,,,Tablets & Capsules
ESSENTIAL 8ML,3.7,0,0,,,Pharmaceuticals
AMLO-DENK 10MG PER TAB,1.09,0,0,,,Tablets & Capsules
GLIBENCLAMIDA 5MG TAB PER STRIP(PHARM-INTER),1.2,0,0,,,Tablets & Capsules
CRESTOR 10MG PER TAB,6.2,0,0,,,Tablets & Capsules
DIAZEPAM 5MG PER TAB,0.4,0,0,,,Tablets & Capsules
MARK 2 INHALLER,8.5,0,0,,,Pharmaceuticals
GAUZEBANDAGE 1,0.5,0,0,,,Medical Supplies
COLDRILIF CAP,5,0,0,,,Pharmaceuticals
LADINAS,5.2,0,0,,,Pharmaceuticals
ZINC TAB 10MG,0.8,0,0,,,Tablets & Capsules
SPORANOX 100MG PER TAB,9,0,0,,,Tablets & Capsules
ENACEF 250MG PER TAB,1.56,0,0,,,Tablets & Capsules
NOVACOLD TAB,1,0,0,,,Tablets & Capsules
ZINC TAB 20MG,1,0,0,,,Tablets & Capsules
XOLFOVEL 500MG PER TAB [LEVOFLOXACIN],5.6,0,0,,,Tablets & Capsules
ATACAND PLUS 16/12.5MG PER TAB,13.2,0,0,,,Tablets & Capsules
GRISEOFULVIN 125MG,2.6,0,0,,,Pharmaceuticals
LOSAR- DENK 50MG TABLET,0.72,0,0,,,Tablets & Capsules
LOSAR-DENK 100MG TABLET,1.26,0,0,,,Tablets & Capsules
NEXIUM 20MG PER TAB,7.8,0,0,,,Tablets & Capsules
ALLOPURINOL 100MG PER TAB,0.72,0,0,,,Tablets & Capsules
ATACAND 16MG PER TAB,10,0,0,,,Tablets & Capsules
BISOPROLOL 2.5MG TAB UK,0.3,0,0,,,Tablets & Capsules
CASODEX 50MG PER TAB,10,0,0,,,Tablets & Capsules
CLOPIDOGREL 75MG PER TAB,0.96,0,0,,,Tablets & Capsules
CRESTOR 20MG PER TAB,10.7,0,0,,,Tablets & Capsules
EXFORGE HCT 10MG/320MG/25MG PER TAB,10.5,0,0,,,Tablets & Capsules
GALVUS MET 50/1000MG PER TAB,6,0,0,,,Tablets & Capsules
GEBEDOL,2.5,0,0,,,Pharmaceuticals
GLICLAZIDE 80MG PER TAB(TEVA),0.5,0,0,,,Tablets & Capsules
LIPITOR 10MG TABLET,5.23,0,0,,,Tablets & Capsules
ASPIRIN CARDIO 100MG TABLET,0.67,0,0,,,Tablets & Capsules
GLIMEPIRIDE DENK 3,2.1,0,0,,,Pharmaceuticals
PANADOL EXTRA ADVANCE 14,33.5,0,0,,,Pharmaceuticals
DUROMINE 30MG PER CAP,16,0,0,,,Pharmaceuticals
BENDRO 2.5MG ECL PER STRIP,1,0,0,,,Pharmaceuticals
CEBROTONIN PER TAB,3.7,0,0,,,Tablets & Capsules
DILATREND(CARVEDILOL) 12.5MG PER TAB,4.59,0,0,,,Tablets & Capsules
NORVASC 5MG PER TAB,6.65,0,0,,,Tablets & Capsules
PRIMOLUT N PER TAB,1.5,0,0,,,Tablets & Capsules
SPIRONOLACTONE 50MG PER TAB,1.4,0,0,,,Tablets & Capsules
STAMLO 5MG PER TAB,1.3,0,0,,,Tablets & Capsules
TETRACYCLINE LETAP PER STRIP,2,0,0,,,Pharmaceuticals
PARA-DENK 125 SUPPOS,2.8,0,0,,,Pharmaceuticals
AMITRIPTYLINE 25MG PER TAB,0.9,0,0,,,Tablets & Capsules
FERROUS SULPHATE PER STRIP(ECL),0.6,0,0,,,Pharmaceuticals
DALACIN C 300MG,11.8,0,0,,,Pharmaceuticals
PIRITON TAB ORIGINAL PER TAB,2,0,0,,,Tablets & Capsules
KEFROX 500MG TABLET,3.9,0,0,,,Tablets & Capsules
TRANEXAMIC ACID 500MG PER TAB,2.6,0,0,,,Tablets & Capsules
TADOL SR 100MG PER TAB,3.4,0,0,,,Tablets & Capsules
NIFEDI-DENK 20 RETARD PER STRIP,8.2,0,0,,,Pharmaceuticals
CARVEDILOL 6.25MG PER TAB (EXETER),0.65,0,0,,,Tablets & Capsules
CIPRINOL TAB (KRKA) PER TAB,8,0,0,,,Tablets & Capsules
CIPRO-DENK 500MG,5.5,0,0,,,Pharmaceuticals
AXACEF 250MG TABLET,4.4,0,0,,,Tablets & Capsules
VIVADONA,2.6,0,0,,,Pharmaceuticals
CLAROTHROMYCIN 500MG TAB (B-CLAR),19.5,0,0,,,Tablets & Capsules
ACIDOM 20MG PER CAP,1,0,0,,,Pharmaceuticals
FOXTIL 500MG TABLET,26.6,0,0,,,Tablets & Capsules
LOFNAC 100MG PER SUPP,1.5,0,0,,,Pharmaceuticals
DIABETMIN 500MG,2.5,0,0,,,Pharmaceuticals
GO-COLD TAB,1,0,0,,,Tablets & Capsules
MARTINS LIVER SALT ORANGE,0.6,0,0,,,Pharmaceuticals
ZESTRIL TAB 5MG PER TAB,2.29,0,0,,,Tablets & Capsules
CRESTOR 5MG PER TAB,6.2,0,0,,,Tablets & Capsules
GVITHER FORTE 80MG INJ,3.7,0,0,,,Pharmaceuticals
DULCOLAX 5MG PER TAB,2,0,0,,,Tablets & Capsules
FASTMELT,0.6,0,0,,,Pharmaceuticals
TENOX AMLODIPINE TABLET 10MG,2.45,0,0,,,Tablets & Capsules
NAPROSYN EC 500MG PER TAB,6,0,0,,,Tablets & Capsules
CATAFLAM 50MG PER TAB,2.5,0,0,,,Tablets & Capsules
MAGACID TAB,1.2,0,0,,,Tablets & Capsules
GRISEOFULVIN 500MG PER STRIP ENTRANCE,10.5,0,0,,,Pharmaceuticals
GLIMEPIRIDE 4MG PER TAB TEVA,0.65,0,0,,,Tablets & Capsules
ASHTON & PARSONS TEETHING POWDER,3.5,0,0,,,Pharmaceuticals
AUGMENTIN 1G PER TAB,12.25,0,0,,,Tablets & Capsules
MOSEGOR TAB 0.5MG PER TAB,1.06,0,0,,,Tablets & Capsules
BETALOC 25MG,43,0,0,,,Pharmaceuticals
GACET-250 SUPP,1,0,0,,,Pharmaceuticals
LORATADINE 10MG PER TAB,0.5,0,0,,,Tablets & Capsules
PREGNANCY TEST KIT,3,0,0,,,Pharmaceuticals
PARA-DENK 250 SUPPOS,2.83,0,0,,,Pharmaceuticals
BCOMPLEX LOCAL,0.5,0,0,,,Pharmaceuticals
PROCOLD TAB,5,0,0,,,Tablets & Capsules
LEVOTHYROXINE 100MCG PER TAB,0.86,0,0,,,Tablets & Capsules
ESOMEPRAZOLE 20MG RANBAXY,1,0,0,,,Pharmaceuticals
LANSOPRAZOLE 30MG CAPSULES,0.7,0,0,,,Tablets & Capsules
AMLODIPINE 5MG TEVA PER TAB,0.39,0,0,,,Tablets & Capsules
ALLOPURINOL 300MG TABLET CRESCENT,0.6,0,0,,,Tablets & Capsules
AMEDIN 10MG TABLET,0.5,0,0,,,Tablets & Capsules
FINASTERIDE 5MG,0.84,0,0,,,Pharmaceuticals
EXFORGE 10MG/160MG TABLET,7,0,0,,,Tablets & Capsules
LYRICA 25MG PER TAB,4.58,0,0,,,Tablets & Capsules
SPIRONOLACTONE 25MG PER TAB,0.7,0,0,,,Tablets & Capsules
DICLOFENAC PER SUPP 100MG (NSAID),0.8,0,0,,,Pharmaceuticals
TALGENTIS -5MG,1.5,0,0,,,Pharmaceuticals
NAKLOFEN DUO 75MG PER TAB,2.8,0,0,,,Tablets & Capsules
SALO COLD TABS,1,0,0,,,Tablets & Capsules
ENAFIX 200MG TABLET,25,0,0,,,Tablets & Capsules
METFORMIN DENK 500MG PER TAB,0.82,0,0,,,Tablets & Capsules
NUCLEO CMP FORTE PER CAP,2.25,0,0,,,Pharmaceuticals
AMARYL 2MG PER TAB,3.56,0,0,,,Tablets & Capsules
DORETA 37.5MG PER TAB,4,0,0,,,Tablets & Capsules
GLIMEPIRIDE 2MG PER TAB TEVA,0.8,0,0,,,Tablets & Capsules
COLESTOP 10MG TABLET,35.8,0,0,,,Tablets & Capsules
MULTIVITAMIN TABLETS LOCAL,0.5,0,0,,,Tablets & Capsules
CLINDAMYCIN 150MG PER CAP,0.7,0,0,,,Pharmaceuticals
EXFORGE HCT PER TAB 10/160/12.5MG,8.84,0,0,,,Tablets & Capsules
AQUATAB PER TAB,0.26,0,0,,,Tablets & Capsules
BENDRO 5MG UK PER STRIP,8.8,0,0,,,Pharmaceuticals
LYRICA 75MG PER CAP,12.3,0,0,,,Pharmaceuticals
DYNEWELL TABLETS LETAP,0.5,0,0,,,Tablets & Capsules
TEGRETOL 200MG PER STRIP,11.3,0,0,,,Pharmaceuticals
RHIZIN TAB PER STRIP,1,0,0,,,Tablets & Capsules
LISINOPRIL 20MG PER TAB,0.47,0,0,,,Tablets & Capsules
ZESTRIL 10MG PER TAB,4.19,0,0,,,Tablets & Capsules
BACLOFEN 10MG PER TAB,0.5,0,0,,,Tablets & Capsules
BISOPROLOL 5MG PER TAB,0.52,0,0,,,Tablets & Capsules
KALMS DAY VALERIAN PER TAB,0.36,0,0,,,Tablets & Capsules
ACICLOVIR 800MG TAB PER TAB,2.21,0,0,,,Tablets & Capsules
DIAMICRON MR 30MG PER TAB,2.09,0,0,,,Tablets & Capsules
NOSPA 40MG PER TAB,1,0,0,,,Tablets & Capsules
AUGMENTIN 625MG TABLET,9.2,0,0,,,Tablets & Capsules
FUROSEMIDE 20MG TAB,0.27,0,0,,,Tablets & Capsules
ATENOLOL 50MG PER TAB,0.41,0,0,,,Tablets & Capsules
TOT HEMA,3.9,0,0,,,Pharmaceuticals
ROBAXIN 750MG PER TAB,2.37,0,0,,,Tablets & Capsules
ENERGISE EFFERVESCENT TAB,20,0,0,,,Tablets & Capsules
LABETALOL 100MG PER TAB,1.74,0,0,,,Tablets & Capsules
LISINOPRIL 5MG PER STRIP TEVA,6,0,0,,,Pharmaceuticals
ACICLOVIR 400MG PER TAB,1.16,0,0,,,Tablets & Capsules
ATORVASTATIN 10MG TEVA PER TAB,0.55,0,0,,,Tablets & Capsules
GAUZE BANDAGE 4,1.5,0,0,,,Medical Supplies
NIFECARD XL 30MG PER TAB,1.5,0,0,,,Tablets & Capsules
CARVEDILOL 12.5MG,0.9,0,0,,,Pharmaceuticals
CELECOXIB 200MG PER TAB,0.86,0,0,,,Tablets & Capsules
GAUZE BANDAGE 3,0.9,0,0,,,Medical Supplies
FOLIC ACID LOCAL,0.5,0,0,,,Pharmaceuticals
STERILE WOUND PLASTER,0.2,0,0,,,Medical Supplies
ATENOLOL 100MG PER TAB,0.5,0,0,,,Tablets & Capsules
METOCLOPROMIDE TABS 10MG EXERTER,1,0,0,,,Tablets & Capsules
NO 10 LIVER SALT,1.5,0,0,,,Pharmaceuticals
LOSARTAS 100MG,1.14,0,0,,,Pharmaceuticals
BISOPROLOL 10MG TABLET UK,0.67,0,0,,,Tablets & Capsules
VIT-B- DENK PER TAB,1.85,0,0,,,Tablets & Capsules
DICLO-DENK 100 PER TAB,1.5,0,0,,,Tablets & Capsules
ANDREWS LIVER SAL;T,1,0,0,,,Pharmaceuticals
NIFEDI-DENK 10 RETARD PER STRIP,4,0,0,,,Pharmaceuticals
AMLODIPINE 10MG TEVA PER TAB,0.45,0,0,,,Tablets & Capsules
CONTIFLO XL 400MCG,0.88,0,0,,,Pharmaceuticals
AZITEX CAPS(500MG),18.5,0,0,,,Tablets & Capsules
EXTRAFLEX (EXERTER),48,0,0,,,Pharmaceuticals
APLU SYRUP,21,0,0,,,Syrups & Suspensions
ATENOLOL 25MG PER TAB,0.33,0,0,,,Tablets & Capsules
ZITMYC 500MG PER TAB,4.6,0,0,,,Tablets & Capsules
BELLA COUGH SYR,9.5,0,0,,,Pharmaceuticals
CANDID V6 VAGINAL TAB,9,0,0,,,Tablets & Capsules
CUSIMOLOL 0.5%,18.5,0,0,,,Pharmaceuticals
HALIBORANGE MULTIVITAMIN SYR,81,0,0,,,Vitamins & Supplements
LUMIGAN EYE DROPS,164,0,0,,,Drops
DUSTING POWDER MEDICATED,17,0,0,,,Pharmaceuticals
OLBAS OIL ADULT,37,0,0,,,Pharmaceuticals
OLBAS OIL CHILDREN,29,0,0,,,Pharmaceuticals
PREDNISLONE 5MG UK,0.67,0,0,,,Pharmaceuticals
SIMVASTATIN 10MG,0.42,0,0,,,Pharmaceuticals
SINUTAB 15S,39,0,0,,,Tablets & Capsules
WELCHS DRINK,13,0,0,,,Pharmaceuticals
LONGRICH SOD PLACENTA( 200ML),36.5,0,0,,,Pharmaceuticals
ZINNAT 250MG PER TAB,7.2,0,0,,,Tablets & Capsules
YAFO MAN POWER CAPS,17,0,0,,,Tablets & Capsules
SHOE POLISH(PALC),10.5,0,0,,,Pharmaceuticals
BUSCOPAN PER STRIP(SPASMINTAS),9,0,0,,,Pharmaceuticals
APETATRUST SYR(200ML),16.5,0,0,,,Family Planning
EXEVIN NASAL DROP(ADULT),14,0,0,,,Drops
SMA PRO 2,57,0,0,,,Pharmaceuticals
BROWN GOLD,28,0,0,,,Pharmaceuticals
DOVE SHOWER GEL S/S,23,0,0,,,Creams & Ointments
GAVISCON(PEPPERMINT),61,0,0,,,Pharmaceuticals
GAVISCON (DOUBLE ACTION0,60.6,0,0,,,Pharmaceuticals
INFA V WASH,21,0,0,,,Personal Care
KIDIVITE BABY SYRUP,33,0,0,,,Syrups & Suspensions
KIDIVITE CHILD SYRUP,33,0,0,,,Syrups & Suspensions
PROMAN DRINK,9,0,0,,,Pharmaceuticals
PROWOMAN DRINK,9,0,0,,,Pharmaceuticals
NESTER ALCOHOL 475,19.48,0,0,,,Pharmaceuticals
PROXIMEXA SUSP (50ML),108,0,0,,,Syrups & Suspensions
NIDO 1+,39,0,0,,,Pharmaceuticals
COW&GATE S/S,7,0,0,,,Pharmaceuticals
"CREPE BANDAGE(ELATOLITE)4,,",0,0,0,,,Medical Supplies
BRUT PERFUME(ALL TYPES),36,0,0,,,Fragrances
SURE SPRAY (ALL TYPES),23,0,0,,,Sprays & Inhalers
PRINGLES S/S,6,0,0,,,Pharmaceuticals
SEBAMED BAR SOAP(150G),27,0,0,,,Personal Care
LONGRICH T/P(S/S),20,0,0,,,Pharmaceuticals
DUREX CONDOM (FEELS),9,0,0,,,Family Planning
ORELOX 100MG PER TAB,10.6,0,0,,,Tablets & Capsules
OSTEOCARE SYR(UK),50,0,0,,,Pharmaceuticals
TYLENOL EXTRA STRENGTH PER PAC,53.6,0,0,,,Pharmaceuticals
TYLENOL PM PER PAC,70,0,0,,,Pharmaceuticals
PARACETAMOL SYR (EXERTER),8,0,0,,,Syrups & Suspensions
KELCUF 100ML (ADULT),7,0,0,,,Pharmaceuticals
KELCUF 100ML(BABY),6.7,0,0,,,Pharmaceuticals
KELCUF 100ML (JUNIOR),6.8,0,0,,,Pharmaceuticals
TRUSTZOLE 400,4,0,0,,,Pharmaceuticals
SYRINGE & NEEDLE (2ML),0.5,0,0,,,Medical Supplies
SYRINGE & NEEDLE (5ML),0.5,0,0,,,Medical Supplies
B-CO STRONG PER TAB (EXERTER),0.35,0,0,,,Tablets & Capsules
CYFEN SYR (200ML),26,0,0,,,Syrups & Suspensions
JET 2 INHALER,8.5,0,0,,,Sprays & Inhalers
SALAMOL INHALAR,28,0,0,,,Pharmaceuticals
BMI CHECK,1,0,0,,,Pharmaceuticals
CROMAX 4 EYE DROP,48.1,0,0,,,Drops
MAXIDEX EYE DROP,17.7,0,0,,,Drops
ROCEPHIN IV INJ (500MG),60,0,0,,,Injectables
XALATAN EYE DROP,125,0,0,,,Drops
FOLIC ACID SYR (MACRAFOLIN),5,0,0,,,Syrups & Suspensions
COLGATE PLAX M/W (250ML),24.3,0,0,,,Dental Care
COLGATE DOUBLE ACTION T/BRUSH(CHARCOAL),5,0,0,,,Dental Care
COLGATE T/P (0-2YRS),8,0,0,,,Dental Care
COLGATE SENSITIVE INSTANT PRO-RELIEF,20,0,0,,,Dental Care
DETTOL SOAP (EVEN TONE),6.8,0,0,,,Personal Care
DETTOL SOAP (SKINCARE),8,0,0,,,Personal Care
DETTOL SOAP (ORIGINAL),8,0,0,,,Personal Care
IMPERIAL LEATHER SOAP (3 IN 1),9,0,0,,,Personal Care
VASELINE BLUE SEAL(S/S),10,0,0,,,Pharmaceuticals
VASELINE BLUE SEAL(B/S),22,0,0,,,Pharmaceuticals
DYNAMOGEN PER VIAL,7,0,0,,,Pharmaceuticals
PARAMOL PER SUPP (1000MG),1.3,0,0,,,Pharmaceuticals
WISDOM T/BRUSH 1S,5,0,0,,,Dental Care
WISDOM T/BRUSH TWINS,9,0,0,,,Dental Care
WISDOM T/PASTE (CHARCOAL),16,0,0,,,Dental Care
"WISDOM T/BRUSH 3,,",0,0,0,,,Dental Care
PHILIPS-A BREAST PUMP,341,0,0,,,Pharmaceuticals
PHILIPS-A FEEDING BOTTLE (2 IN 1),78,0,0,,,Pharmaceuticals
PHILIPS-A SOOTHIE,68.7,0,0,,,Pharmaceuticals
PHILIP-A CUP WITH STRAW,60,0,0,,,Pharmaceuticals
PHILIP-A FEEDING BOTTLE(125ML),44.5,0,0,,,Pharmaceuticals
PHILIP-AVENT FEEDING BOTTLE (330ML),56,0,0,,,Pharmaceuticals
PHILIP-AVENT FEEDING BOTTLE (260ML),56.5,0,0,,,Pharmaceuticals
FADA MARTINS,16,0,0,,,Pharmaceuticals
GIVERS HERBAL MIXTURE,18,0,0,,,Pharmaceuticals
LAWCARE MIXTURE,19,0,0,,,Pharmaceuticals
B4 B4 CAPS,35.6,0,0,,,Tablets & Capsules
FLUXACIN SUSP,10.5,0,0,,,Syrups & Suspensions
DOVE SHOWER GEL (1L),42,0,0,,,Creams & Ointments
CIPROLEX EYE OINT,13,0,0,,,Creams & Ointments
CLOPIDIGREL 75MG (ASPIRE PHARMA),0.7,0,0,,,Pharmaceuticals
K.Y JELLY(KYNECT),28,0,0,,,Pharmaceuticals
MAGNAVIT CAPS,15.6,0,0,,,Tablets & Capsules
MOSEGOR SYR,62.5,0,0,,,Pharmaceuticals
AMCOF BABY,8,0,0,,,Pharmaceuticals
AQUAMARINE CAPS,98.5,0,0,,,Tablets & Capsules
ATORVASTATIN(40MG) TEVA,0.78,0,0,,,Pharmaceuticals
CIPROTAB TZ PER PAC,10.5,0,0,,,Tablets & Capsules
COVONIA LOZENGES,13,0,0,,,Pharmaceuticals
COVONIA VAPOUR DROPS,35,0,0,,,Drops
GYNO-DAKTARIN CREAM,69.6,0,0,,,Creams & Ointments
INFA V WASH 50ML,11.7,0,0,,,Personal Care
MAGNAVIT TONIC,10,0,0,,,Pharmaceuticals
OMEPRAZOLE 20MG PER CAP(TEVA),0.6,0,0,,,Pharmaceuticals
PAINZAP,2.5,0,0,,,Pharmaceuticals
ROXIDOL,3.5,0,0,,,Pharmaceuticals
SEBAMED SHAMPOO,38,0,0,,,Personal Care
DETTOL 125ML,17,0,0,,,Pharmaceuticals
DON SIMON DRINK,14,0,0,,,Pharmaceuticals
LUCOZADE BOTTLE S/S,9,0,0,,,Pharmaceuticals
AXE DEOSPRAY (MEN),19.8,0,0,,,Sprays & Inhalers
AXE SHOWER GEL,23,0,0,,,Creams & Ointments
ANAFRANIL 25MG PER TA,3.1,0,0,,,Pharmaceuticals
CANDID-V6 PESSARY,10.2,0,0,,,Pharmaceuticals
METAGYL SUSP,8,0,0,,,Syrups & Suspensions
GASTRONE PLUS SUSP,19.5,0,0,,,Syrups & Suspensions
PRED FORTE EYE SUSP,86,0,0,,,Syrups & Suspensions
EXEVIN NASAL DROP (CHILD),13,0,0,,,Drops
OMECET 20MG PER CAP(OMEPRAZOLE),0.3,0,0,,,Pharmaceuticals
VIT C & ZINC EFFERVESCENT,30,0,0,,,Vitamins & Supplements
CORVITE VIT C DROPS(20ML),24,0,0,,,Drops
EXAFLOX SUSP,18.5,0,0,,,Syrups & Suspensions
SSS LOZENGES PER TAB,0.2,0,0,,,Tablets & Capsules
B-COMPLEX SYR,7,0,0,,,Pharmaceuticals
CLOTRIMAZOLE CREAM(TOPICAL),5,0,0,,,Creams & Ointments
ENVICO COLD& FLU CAPS PER STRIP,17.5,0,0,,,Tablets & Capsules
AMOXICILLIN SUSP (EXERTER),10.5,0,0,,,Syrups & Suspensions
SUPOFEN-PARA 125MG PER SUPP,0.7,0,0,,,Pharmaceuticals
SUPOFEN-PARA 250MG PER SUPP,1,0,0,,,Pharmaceuticals
LAVIGEL VAGINAL CREAM(30G),16.5,0,0,,,Creams & Ointments
EXCIPRO EYE/EAR DROP,10,0,0,,,Drops
NORMAL SALINE DROP (BELLS),8.5,0,0,,,Drops
LAVIFLOC EYE DROP (CIPRO),5,0,0,,,Drops
APETAMIN TAB PER STIP,2,0,0,,,Tablets & Capsules
ENAFEN 400MG TAB PER STRIP,2,0,0,,,Tablets & Capsules
OPTISOFT SOOTHING EYE DROP,23,0,0,,,Drops
OPTISOFT COOLING EYE DROP,15.5,0,0,,,Drops
OPTISOFT LUBRICATING EYE DROP,14.6,0,0,,,Drops
JOZZY PASTE& BRUSH,10,0,0,,,Dental Care
MY JOY KIDS BRUSH,1,0,0,,,Dental Care
ORAL CLEAN KIDS BRUSH,1,0,0,,,Dental Care
HEINZ BABY FOOD POT(PLASTIC),7,0,0,,,Pharmaceuticals
PURE CODLIVER OIL (AYRTONS),46.8,0,0,,,Pharmaceuticals
FOLIC ACID 5MG PER PACK (CRESCENT),11.5,0,0,,,Pharmaceuticals
GENTAMICIN EAR/EYE DROP (EXERTER),7,0,0,,,Drops
LUMATRONA 20MG/120MG TAB,6,0,0,,,Tablets & Capsules
WORMBACT 400MG TAB,5,0,0,,,Tablets & Capsules
NESBEN SUSP,8,0,0,,,Syrups & Suspensions
AZIZ 500MG CAP,13,0,0,,,Pharmaceuticals
SKYCLAV 1000MG PER TAB,2.1,0,0,,,Tablets & Capsules
AMPICILLIN 250MG PER CAP,0.2,0,0,,,Pharmaceuticals
LORSATAN 100MG PER TAB (TEVA),1.62,0,0,,,Tablets & Capsules
OLANZAPINE 5MG PER TAB (EXERTER),0.53,0,0,,,Tablets & Capsules
VITAKING PER CAP,1.1,0,0,,,Pharmaceuticals
DORCO SHAVE STICK,3.5,0,0,,,Grooming
SENSODYN ORIGINAL PASTE,19.5,0,0,,,Dental Care
SENSODYNE DEEP CLEAN,19.5,0,0,,,Dental Care
BENYLIN CHESTY COUGH SYR (ORIGINAL),74.5,0,0,,,Syrups & Suspensions
DUPHALAC SYR (300ML),29,0,0,,,Syrups & Suspensions
YOVANNY LOZ PER ONE,0.3,0,0,,,Pharmaceuticals
CALAMINE SOAP,9,0,0,,,Personal Care
ZYFEN SYR,25,0,0,,,Pharmaceuticals
CONFIDO TAB (HAMALAYA),46.8,0,0,,,Tablets & Capsules
ABC COLD SYR + VIT C,12,0,0,,,Syrups & Suspensions
ABC PARA + BRUFEN SYR,9,0,0,,,Pharmaceuticals
COCOON ADULT DIAPER (MEDIUM),57.5,0,0,,,Baby & Personal Care
COCOON ADULT DIAPER (LARGE),57.5,0,0,,,Baby & Personal Care
COCOON ADULT DIAPER (XL),57.5,0,0,,,Baby & Personal Care
COCOON ADULT PANT (L),62.5,0,0,,,Pharmaceuticals
COCOON ADULT PANTS (M),62.5,0,0,,,Pharmaceuticals
COCOON ADULT PANTS(XL),62.5,0,0,,,Pharmaceuticals
ESKYZOLE CREAM,7.8,0,0,,,Creams & Ointments
EXIFEN SYR (IBUPROFEN),22,0,0,,,Syrups & Suspensions
KOFOF ADULT SYR (NON-DROWSY),7.5,0,0,,,Syrups & Suspensions
PANADOL ADVANCE PLAIN (24 TAB ),39,0,0,,,Tablets & Capsules
PARAMOL PER SUPP (500MG),1,0,0,,,Pharmaceuticals
SABROSO OLIVE OIL (250ML),30,0,0,,,Pharmaceuticals
SECZOL TAB (INTAS),9,0,0,,,Tablets & Capsules
SENSODYN COOL GEL PASTE,20,0,0,,,Creams & Ointments
VIREST (ACICLOVIR CREAM),13,0,0,,,Creams & Ointments
COLGATE T/BRUSH(DEEP CLEAN),3,0,0,,,Dental Care
COLGATE T/PASTE (0-2YRS),8,0,0,,,Dental Care
ROLL-ON VARIETY(GHANDOUR),5,0,0,,,Pharmaceuticals
SENSODYNE PASTE (FRESH MINT),20,0,0,,,Dental Care
TEVA,1.6,0,0,,,Pharmaceuticals
LOSARTAN 100MG PER TAB (TEVA),1.61,0,0,,,Tablets & Capsules
DUREX EXTRA SAFE,16,0,0,,,Family Planning
APETATRUST SYR (100ML),7,0,0,,,Syrups & Suspensions
CETRIZINE PER TAB (ALLACAN),0.39,0,0,,,Tablets & Capsules
LAVINAC POWER SPRAY(100G),21,0,0,,,Sprays & Inhalers
CIFLOX-T PER TAB,1.2,0,0,,,Tablets & Capsules
LOSARTAN 50MG PER TAB (EXERTER),0.64,0,0,,,Tablets & Capsules
MULTIVITAMINE & IRON TAB (BASIC NUTRITION),21,0,0,,,Tablets & Capsules
VIT E(400IU) EXERTER,31,0,0,,,Pharmaceuticals
PHILIP --AVENT REFILL CUP (180ML),4.5,0,0,,,Pharmaceuticals
CANBEE BABY PANTS 8-14KG(30S),38,0,0,,,Pharmaceuticals
CANBEBE BABY PANTS 12-18KG (24S),38,0,0,,,Pharmaceuticals
TENA SANITARY PAD(NORMAL),39,0,0,,,Baby & Personal Care
TENA SANITARY PAD (EXTRA),42,0,0,,,Baby & Personal Care
TENA SANITARY PAD (MAXI),45,0,0,,,Baby & Personal Care
FOLIC ACID (60S) BASIC NUTRITION,12.5,0,0,,,Pharmaceuticals
EASY TOUCH MOSQUITO REPELLENT,6,0,0,,,Pharmaceuticals
ENAPHOX 200MG PER TAB(CEFPODOXIME),3.5,0,0,,,Tablets & Capsules
ENAPHOX 40MG SUSP(CEFPODOXIME),20.5,0,0,,,Syrups & Suspensions
GLUCOSAMINE& CHONDROITIN(BASIC NUTRITION),27,0,0,,,Pharmaceuticals
FEMISTAR CAPS,40.5,0,0,,,Tablets & Capsules
CYPROVITA SYR(100ML),28,0,0,,,Pharmaceuticals
VITAKIDS SYR (100ML),25,0,0,,,Syrups & Suspensions
ICHGLOBIN SYR (100ML),30,0,0,,,Syrups & Suspensions
ICHVITA TAB(WOMEN),35,0,0,,,Tablets & Capsules
ICHVITA TAB (MEN),35,0,0,,,Tablets & Capsules
HAEMODIEN CAPS,35,0,0,,,Tablets & Capsules
ALWAYS PAD FEATHER SOFT (8S)PINK,11,0,0,,,Baby & Personal Care
D-ARTEPP (80/640MG),46.8,0,0,,,Pharmaceuticals
LOZATY LOZ PER TAB (6S),1.4,0,0,,,Tablets & Capsules
LOZATY LOZ PER STRIP (4S),6,0,0,,,Pharmaceuticals
NURIFER CAPS,31.5,0,0,,,Tablets & Capsules
PARAMOL 250 PER SUPP,0.7,0,0,,,Pharmaceuticals
CIROTAMIN SYR,16.5,0,0,,,Pharmaceuticals
GREEN STRESS TAB,34.5,0,0,,,Tablets & Capsules
UFERON SYR,8,0,0,,,Pharmaceuticals
PHLORO-G (80MG),30.6,0,0,,,Pharmaceuticals
AMOXI-CLAV SUSP 228 (LUEX),19.5,0,0,,,Syrups & Suspensions
AMOXI-CLAV SUSP 457 (LUEX),26,0,0,,,Syrups & Suspensions
CALPOL NASAL SPRAY,59.5,0,0,,,Sprays & Inhalers
OMAL HAND SANITIZER (200ML),5,0,0,,,Pharmaceuticals
TINATET 230,35,0,0,,,Pharmaceuticals
DOVE ROLL-ON,13,0,0,,,Pharmaceuticals
GILLETTE ANTIPERSPIRANT GEL,30,0,0,,,Creams & Ointments
NIVEA MEN LOTION (400ML),34,0,0,,,Lotions
YAZZ WIPES,15,0,0,,,Baby & Personal Care
AWAKE M/S,2,0,0,,,Pharmaceuticals
AWAKE S/S,1.5,0,0,,,Pharmaceuticals
PROWOMAN CAP 30,0,0,0,,,General
EXCIPRO EYE DROP[,10,0,0,,,Drops
ER TAB,0,0,0,,,Tablets & Capsules
TOBUFEN SYR 60ML,6,0,0,,,Syrups & Suspensions
PERFECTIL MAX,200,0,0,,,Pharmaceuticals
ALDOMET 250MG PER TAB,1.62,0,0,,,Tablets & Capsules
MENOPAUSE TAB (HEALTHLINK),49.5,0,0,,,Tablets & Capsules
METROTRUST-F SUSP,12,0,0,,,Syrups & Suspensions
ABC TEETHING MIXTURE,8,0,0,,,Pharmaceuticals
ECL ANTACID MIXTURE,10,0,0,,,Pharmaceuticals
AVARIN PER CAP,1.8,0,0,,,Pharmaceuticals
AZIROCIN SUSP (15ML),14.5,0,0,,,Syrups & Suspensions
SELENIUM TAB (BASIC NUTRITION),12,0,0,,,Tablets & Capsules
EXTRAMMUNE SYR(CHARAK),47,0,0,,,Pharmaceuticals
FEROFIX SYR,7,0,0,,,Pharmaceuticals
G-CIPROX 500MG PER TAB,0.77,0,0,,,Tablets & Capsules
GILOBA CAP,77,0,0,,,Pharmaceuticals
MICROGYNON TAB PER PAC,8,0,0,,,Tablets & Capsules
ZEMAN CAPS,80,0,0,,,Tablets & Capsules
PARAFENAC TAB,2,0,0,,,Tablets & Capsules
BELL`S ANTACID SUSP,16,0,0,,,Syrups & Suspensions
SEPTILIN SYR,26,0,0,,,Pharmaceuticals
TENTEX ROYAL TAB 10`S,129,0,0,,,Tablets & Capsules
PROWOMAN CAP,57.5,0,0,,,Pharmaceuticals
FATBURNICH TAB,40,0,0,,,Tablets & Capsules
EPIHANCE TAB,40,0,0,,,Tablets & Capsules
HAEMODIEN TAB,40,0,0,,,Tablets & Capsules
PRENATAL DHA TAB,45,0,0,,,Tablets & Capsules
ICHPOWER TAB,40.02,0,0,,,Tablets & Capsules
SILVERKANT CREAM,15,0,0,,,Creams & Ointments
PIKOVIT SYR,42,0,0,,,Pharmaceuticals
SKYCLAV 625MG PER TAB,2,0,0,,,Tablets & Capsules
CARTEF TAB (20/120MG),8,0,0,,,Tablets & Capsules
P-ALAXIN TAB (9),18,0,0,,,Tablets & Capsules
DICLO-INJECT (75MG),0.6,0,0,,,Injectables
POLYGEL SUSP 120ML,9.5,0,0,,,Syrups & Suspensions
PLASTER STRIPS LOCAL,0.2,0,0,,,Medical Supplies
STOPKOF ADULT,10,0,0,,,Pharmaceuticals
GIFAS MIXTURE,19,0,0,,,Pharmaceuticals
ASNAC 100MG PER STRIP,5,0,0,,,Pharmaceuticals
ASNAC 75MG PER STRIP,4.5,0,0,,,Pharmaceuticals
DUREX EXTRA THIN,20,0,0,,,Family Planning
HISTERZINE TAB PER STRIP,1,0,0,,,Tablets & Capsules
EPHEDRINE 1% NASAL DROP,6,0,0,,,Drops
LAVI-CV 228.5,16,0,0,,,Pharmaceuticals
LAVI-CV 457,18,0,0,,,Pharmaceuticals
SECNIDAZOLE 1G TAB (TPL),6.5,0,0,,,Tablets & Capsules
CELECOXIB 100MG PER CAP,0.39,0,0,,,Pharmaceuticals
LAVI-CV TAB 1G PER TAB,2.2,0,0,,,Tablets & Capsules
LAVI-CV TAB 625MG PER TAB,1.66,0,0,,,Tablets & Capsules
OSTEOCALCIN TAB,17,0,0,,,Tablets & Capsules
CHILDREN CALAMINE LOTION (BELL),20,0,0,,,Lotions
MOTHERCARE GRIPE WATER,13,0,0,,,Pharmaceuticals
CLODIPEN 100MG PER SUPP,2.3,0,0,,,Pharmaceuticals
CILOXAN EYE DROP,21,0,0,,,Drops
NIZORAL SHAMPOO,47,0,0,,,Personal Care
OPTISOFT MOISTURIZING EYE DROP,21,0,0,,,Drops
OPTISOFT REDNESS RELIEF,15.5,0,0,,,Pharmaceuticals
OPTISOFT REFRESHING EYE DROP,18,0,0,,,Drops
OMEPRAZOLE 40MG PER CAP (TEVA),0.62,0,0,,,Pharmaceuticals
HYDROCORTISONE CREAM SKIN CARE (15G),10,0,0,,,Creams & Ointments
NECLOBET-3 CREAM (30G),8,0,0,,,Creams & Ointments
LAVINAC DICLOFENAC GEL (30G),5,0,0,,,Creams & Ointments
LAVESTEN-C VAGINAL PESS,18,0,0,,,Pharmaceuticals
LAVINAC POWER GEL 30G,10,0,0,,,Creams & Ointments
EYECOPEN CAPS,31,0,0,,,Tablets & Capsules
KEFEN EXTRA,6,0,0,,,Pharmaceuticals
KETOCONAZOLE CREAM 15G,5.5,0,0,,,Creams & Ointments
NESMOSET SOAP,10,0,0,,,Personal Care
EXCINATE 500MG PER TAB,4.26,0,0,,,Tablets & Capsules
NIVEA BODY CREAM (400G),34,0,0,,,Creams & Ointments
MONSAVON HYDRATANT,20,0,0,,,Pharmaceuticals
NIVEA SOFT MOISTURIZING CREAM(200ML),20,0,0,,,Creams & Ointments
DOVE LIGHT HYDRO BODY LOTION (400ML),19,0,0,,,Lotions
CAN COKE,6,0,0,,,Pharmaceuticals
COLGATE HERBAL T/P 140G,10,0,0,,,Dental Care
ATWOOD MIXTURE,65,0,0,,,Pharmaceuticals
GYNICARE SYR,69,0,0,,,Pharmaceuticals
CANDIDERM CREAM,13.5,0,0,,,Creams & Ointments
DALACIN C PER CAP (150MG),4.7,0,0,,,Pharmaceuticals
AZITAR 500MG,11,0,0,,,Pharmaceuticals
MAXEEM 500MG(AZITHROMYCIN),23.5,0,0,,,Pharmaceuticals
O-CIP TZ,12,0,0,,,Pharmaceuticals
PERFECTIL ORIGINAL,101,0,0,,,Pharmaceuticals
ZEDEZ COUGH MIX,13,0,0,,,Pharmaceuticals
TAMSULOSIN 400MG PER TAB (TEVA),0.78,0,0,,,Tablets & Capsules
FOLIC ACID SYR (BELL),19.5,0,0,,,Syrups & Suspensions
CARTEF SUSP,10,0,0,,,Syrups & Suspensions
CALCOUGH SYR (INFANT),52,0,0,,,Syrups & Suspensions
PYLIN CAPS,57.5,0,0,,,Tablets & Capsules
PYLIN OINTMENT,50,0,0,,,Creams & Ointments
PARACETAMOL TAB 32(CRESCENT PHARMA),12,0,0,,,Tablets & Capsules
HYDROCORTISONE CREAM (CO-PHARMA),16.5,0,0,,,Creams & Ointments
LOSARTAN 100MG PER TAB (EXERTER),0.7,0,0,,,Tablets & Capsules
SUSP LETAP,6,0,0,,,Syrups & Suspensions
COLGATE TB VALUE PACK,7.5,0,0,,,Dental Care
DIGITAL BP MONITOR,676,0,0,,,Pharmaceuticals
ROBB OINT 4G M/S,1,0,0,,,Creams & Ointments
STRETCHGO CREAM 30G,26.5,0,0,,,Creams & Ointments
CENTRUM ADVANCE TAB,74.5,0,0,,,Tablets & Capsules
FLUCLOXACILLIN SUSP LEATP,8,0,0,,,Syrups & Suspensions
JOINTACE MAX TAB,169,0,0,,,Tablets & Capsules
S/S JOINT CARA SUPPLEX CAPS,83.5,0,0,,,Tablets & Capsules
"APC PR STRIP 4,,",0,0,0,,,General
FLUCLOXACILLIN SUSP (LETAP),6,0,0,,,Syrups & Suspensions
